subject,verb,object,group
"""colorectal cancer""","""HAS_CAUSE""","""hereditary factors""","""Save_the_Colon"""
"""hereditary factors""","""HAS_EFFECT""","""colorectal cancer""","""Save_the_Colon"""
"""antitumor""","""SUBCLASS_OF""","""agents""","""Save_the_Colon"""
"""molecular diagnostic test""","""SUBCLASS_OF""","""genetic test""","""Save_the_Colon"""
"""colorectal cancer""","""SUBCLASS_OF""","""cancer""","""Save_the_Colon"""
"""inherited cancer syndromes""","""HAS_CAUSE""","""inherited mutations""","""Save_the_Colon"""
"""inherited mutations""","""HAS_EFFECT""","""inherited cancer syndromes""","""Save_the_Colon"""
"""Lynch syndrome""","""SUBCLASS_OF""","""colorectal cancer""","""Save_the_Colon"""
"""Lynch syndrome""","""HAS_EFFECT""","""colorectal cancer""","""Save_the_Colon"""
"""urothelial""","""CONNECTS_WITH""","""renal pelvis""","""Save_the_Colon"""
"""renal pelvis""","""CONNECTS_WITH""","""urothelial""","""Save_the_Colon"""
"""epithelial cellular adhesion molecule""","""INSTANCE_OF""","""gene""","""Save_the_Colon"""
"""DNA replication""","""USES""","""nucleotide bases""","""Save_the_Colon"""
"""Mismatch repair genes""","""HAS_EFFECT""","""cancer""","""Save_the_Colon"""
"""Lynch syndrome""","""HAS_CAUSE""","""inherited mutation""","""Save_the_Colon"""
"""inherited mutation""","""HAS_EFFECT""","""Lynch syndrome""","""Save_the_Colon"""
"""allele""","""SUBCLASS_OF""","""gene""","""Save_the_Colon"""
"""loss of both alleles""","""SUBCLASS_OF""","""somatic loss of the MMR proteins""","""Save_the_Colon"""
"""mismatch repair protein""","""HAS_PART""","""MLH1""","""Save_the_Colon"""
"""mismatch repair protein""","""HAS_PART""","""MSH2""","""Save_the_Colon"""
"""mismatch repair protein""","""HAS_PART""","""MSH6""","""Save_the_Colon"""
"""mismatch repair protein""","""HAS_PART""","""PMS2""","""Save_the_Colon"""
"""MLH1""","""PART_OF""","""mismatch repair protein""","""Save_the_Colon"""
"""MSH2""","""PART_OF""","""mismatch repair protein""","""Save_the_Colon"""
"""MSH6""","""PART_OF""","""mismatch repair protein""","""Save_the_Colon"""
"""PMS2""","""PART_OF""","""mismatch repair protein""","""Save_the_Colon"""
"""sibling""","""SUBCLASS_OF""","""child""","""Save_the_Colon"""
"""colorectal cancer""","""DIFFERENT_FROM""","""endometrial cancer""","""Save_the_Colon"""
"""endometrial cancer""","""DIFFERENT_FROM""","""colorectal cancer""","""Save_the_Colon"""
"""colorectal cancer""","""HAS_CAUSE""","""Lynch syndrome""","""Save_the_Colon"""
"""chromosome""","""HAS_PART""","""chromosome 2""","""Save_the_Colon"""
"""chromosome""","""HAS_PART""","""16""","""Save_the_Colon"""
"""chromosome 2""","""PART_OF""","""chromosome""","""Save_the_Colon"""
"""16""","""PART_OF""","""chromosome""","""Save_the_Colon"""
"""Lynch syndrome""","""INSTANCE_OF""","""locus""","""Save_the_Colon"""
"""Lynch syndrome""","""INSTANCE_OF""","""gene""","""Save_the_Colon"""
"""mufS""","""SUBCLASS_OF""","""mismatch repair gene""","""Save_the_Colon"""
"""nonpolyposis colorectal cancer""","""HAS_CAUSE""","""somatic""","""Save_the_Colon"""
"""Lynch syndrome""","""INSTANCE_OF""","""homolog""","""Save_the_Colon"""
"""epigenetic""","""PART_OF""","""genetic""","""Save_the_Colon"""
"""methylation""","""FACET_OF""","""epigenetic""","""Save_the_Colon"""
"""miRNA""","""PART_OF""","""epigenome""","""Save_the_Colon"""
"""gene""","""ENCODES""","""miRNA""","""Save_the_Colon"""
"""gene mutations""","""PART_OF""","""genome""","""Save_the_Colon"""
"""epigenetic alterations""","""SUBCLASS_OF""","""biomarkers""","""Save_the_Colon"""
"""epigenetic alterations""","""FACET_OF""","""colorectal cancer""","""Save_the_Colon"""
"""Early detection through screening""","""FACET_OF""","""colorectal cancer""","""Save_the_Colon"""
"""screening uptake""","""SUBCLASS_OF""","""screening""","""Save_the_Colon"""
"""aberrantly methylated DNA markers""","""SUBCLASS_OF""","""biomarkers""","""Save_the_Colon"""
"""biomarker panels""","""SUBCLASS_OF""","""markers""","""Save_the_Colon"""
"""control group""","""FACET_OF""","""colorectal cancer""","""Save_the_Colon"""
"""smoking""","""HAS_EFFECT""","""obesity""","""Save_the_Colon"""
"""positive""","""SUBCLASS_OF""","""association""","""Save_the_Colon"""
"""smoking""","""HAS_EFFECT""","""colorectal cancer""","""Save_the_Colon"""
"""maintaining a healthy lifestyle""","""HAS_EFFECT""","""preventing colorectal cancer""","""Save_the_Colon"""
"""CRC CRC""","""FACET_OF""","""colorectal cancer""","""Save_the_Colon"""
"""nanobodies""","""SUBCLASS_OF""","""antibody""","""Save_the_Colon"""
"""miRNA""","""SUBCLASS_OF""","""biomarkers""","""Save_the_Colon"""
"""tumor suppressor""","""SUBCLASS_OF""","""oncogenes""","""Save_the_Colon"""
"""CRC CRC""","""MAIN_SUBJECT""","""colorectal cancer""","""Save_the_Colon"""
"""nonmetastatic""","""SUBCLASS_OF""","""colorectal cancer""","""Save_the_Colon"""
"""stages I""","""FACET_OF""","""colorectal cancer""","""Save_the_Colon"""
"""III""","""FACET_OF""","""colorectal cancer""","""Save_the_Colon"""
"""metabolic equivalent task""","""SUBCLASS_OF""","""hour""","""Save_the_Colon"""
"""increased physical activity after diagnosis""","""FOLLOWED_BY""","""increased physical activity after This""","""Save_the_Colon"""
"""increased physical activity after This""","""FOLLOWS""","""increased physical activity after diagnosis""","""Save_the_Colon"""
"""colorectal cancer""","""SUBCLASS_OF""","""cancer death""","""Save_the_Colon"""
"""pathogenesis""","""FACET_OF""","""colorectal cancer""","""Save_the_Colon"""
"""colon cancer screening""","""FACET_OF""","""colorectal cancer""","""Save_the_Colon"""
"""right-sided""","""OPPOSITE_OF""","""left-sided colon cancer screening""","""Save_the_Colon"""
"""left-sided colon cancer screening""","""OPPOSITE_OF""","""right-sided""","""Save_the_Colon"""
"""Colonoscopy""","""MEDICAL_CONDITION_TREATED""","""adenoma""","""Save_the_Colon"""
"""adenoma""","""DRUG_USED_FOR_TREATMENT""","""Colonoscopy""","""Save_the_Colon"""
"""average-risk""","""SUBCLASS_OF""","""risk factors""","""Save_the_Colon"""
"""staging""","""PART_OF""","""surgery""","""Save_the_Colon"""
"""screening strategies""","""FACET_OF""","""colorectal cancer""","""Save_the_Colon"""
"""screening""","""SUBCLASS_OF""","""early detection""","""Save_the_Colon"""
"""CRC CRC research""","""FACET_OF""","""colorectal cancer""","""Save_the_Colon"""
"""red""","""SUBCLASS_OF""","""meat""","""Save_the_Colon"""
"""tobacco""","""HAS_EFFECT""","""CRC CRC risk""","""Save_the_Colon"""
"""CRC CRC risk""","""HAS_CAUSE""","""tobacco""","""Save_the_Colon"""
"""dietary risk factors""","""FACET_OF""","""colorectal cancer""","""Save_the_Colon"""
"""Global Burden of Disease""","""POINT_IN_TIME""","""2019""","""Save_the_Colon"""
"""low whole grain intake""","""HAS_EFFECT""","""colorectal cancer""","""Save_the_Colon"""
"""milk""","""HAS_PART""","""calcium""","""Save_the_Colon"""
"""East Asia""","""INSTANCE_OF""","""regions""","""Save_the_Colon"""
"""CRC CRC mortality""","""FACET_OF""","""colorectal cancer""","""Save_the_Colon"""
"""sigmoidoscopy""","""SUBCLASS_OF""","""Colonoscopy""","""Save_the_Colon"""
"""Colonoscopy""","""HAS_EFFECT""","""mortality reduction""","""Save_the_Colon"""
"""Younger screening initiation age""","""HAS_EFFECT""","""adherence""","""Save_the_Colon"""
"""adherence""","""HAS_CAUSE""","""Younger screening initiation age""","""Save_the_Colon"""
"""adherence""","""FACET_OF""","""CRC-specific mortality""","""Save_the_Colon"""
"""miRNA""","""SUBCLASS_OF""","""RNA""","""Save_the_Colon"""
"""colorectal neoplasm""","""HAS_EFFECT""","""stools""","""Save_the_Colon"""
"""adenoma""","""SUBCLASS_OF""","""CRC""","""Save_the_Colon"""
"""Fecal miRNA""","""INSTANCE_OF""","""biomarkers""","""Save_the_Colon"""
"""celiac disease""","""HAS_EFFECT""","""colorectal cancer""","""Save_the_Colon"""
"""electronic health record""","""PART_OF""","""healthcare systems""","""Save_the_Colon"""
"""African Americans""","""HAS_PART""","""males""","""Save_the_Colon"""
"""population-based""","""SUBCLASS_OF""","""cross-sectional""","""Save_the_Colon"""
"""colorectal cancer""","""HAS_CAUSE""","""celiac disease""","""Save_the_Colon"""
"""colorectal cancer""","""INSTANCE_OF""","""malignancy""","""Save_the_Colon"""
"""chemotherapy""","""SUBCLASS_OF""","""surgery""","""Save_the_Colon"""
"""population-based review""","""SUBCLASS_OF""","""cross-sectional""","""Save_the_Colon"""
"""anti-EGFR""","""MEDICAL_CONDITION_TREATED""","""colorectal cancer""","""Save_the_Colon"""
"""anti-angiogenesis""","""MEDICAL_CONDITION_TREATED""","""colorectal cancer""","""Save_the_Colon"""
"""CRC-targeted""","""SUBCLASS_OF""","""agentsexisting""","""Save_the_Colon"""
"""Rheumatoid arthritis""","""SUBCLASS_OF""","""autoimmune disorder""","""last_hurrah"""
"""gut""","""HAS_PART""","""microbial composition""","""last_hurrah"""
"""microbial composition""","""PART_OF""","""gut""","""last_hurrah"""
"""Th1""","""SUBCLASS_OF""","""effector T cell""","""last_hurrah"""
"""Th17""","""SUBCLASS_OF""","""effector T cell""","""last_hurrah"""
"""regulatory T cell""","""SUBCLASS_OF""","""effector T cell""","""last_hurrah"""
"""autoimmune disorder""","""HAS_EFFECT""","""Rheumatoid arthritis""","""last_hurrah"""
"""monozygotic""","""SUBCLASS_OF""","""concordance""","""last_hurrah"""
"""autoimmune diseases""","""SUBCLASS_OF""","""autoantibody-associated disorders""","""last_hurrah"""
"""rituximab""","""MEDICAL_CONDITION_TREATED""","""autoimmune diseases""","""last_hurrah"""
"""rituximab""","""MEDICAL_CONDITION_TREATED""","""autoantibody-associated disorders""","""last_hurrah"""
"""rituximab""","""MEDICAL_CONDITION_TREATED""","""Rheumatoid arthritis""","""last_hurrah"""
"""autoantibody-associated disorders""","""SUBCLASS_OF""","""autoimmune diseases""","""last_hurrah"""
"""autoantibody-associated disorders""","""DRUG_USED_FOR_TREATMENT""","""rituximab""","""last_hurrah"""
"""Rheumatoid arthritis""","""SUBCLASS_OF""","""autoimmune diseases""","""last_hurrah"""
"""Rheumatoid arthritis""","""DRUG_USED_FOR_TREATMENT""","""rituximab""","""last_hurrah"""
"""B-cell targeting""","""FACET_OF""","""immunological tolerance""","""last_hurrah"""
"""B-cell-targeted therapy""","""FACET_OF""","""Rheumatoid arthritis""","""last_hurrah"""
"""inflammatory mediators""","""SUBCLASS_OF""","""post-translational modifications""","""last_hurrah"""
"""inflammatory mediators""","""MEDICAL_CONDITION_TREATED""","""Rheumatoid arthritis""","""last_hurrah"""
"""Rheumatoid arthritis""","""DRUG_USED_FOR_TREATMENT""","""inflammatory mediators""","""last_hurrah"""
"""cardiovascular risk factors""","""HAS_EFFECT""","""cardiovascular risk reduction""","""last_hurrah"""
"""cardiovascular risk reduction""","""HAS_CAUSE""","""cardiovascular risk factors""","""last_hurrah"""
"""Methotrexate""","""MEDICAL_CONDITION_TREATED""","""Rheumatoid arthritis""","""last_hurrah"""
"""Rheumatoid arthritis""","""DRUG_USED_FOR_TREATMENT""","""Methotrexate""","""last_hurrah"""
"""Adenosine signaling""","""FACET_OF""","""anti-inflammatory""","""last_hurrah"""
"""Osteoarthritis""","""SUBCLASS_OF""","""inflammatory joint diseases""","""last_hurrah"""
"""Rheumatoid arthritis""","""SUBCLASS_OF""","""inflammatory joint diseases""","""last_hurrah"""
"""oligonucleotide""","""INSTANCE_OF""","""potential""","""last_hurrah"""
"""Rheumatoid arthritis""","""SUBCLASS_OF""","""Osteoarthritis""","""last_hurrah"""
"""in vivo""","""PART_OF""","""Preclinical""","""last_hurrah"""
"""Osteoarthritis""","""SUBCLASS_OF""","""joint disorders""","""last_hurrah"""
"""Rheumatoid arthritis""","""SUBCLASS_OF""","""joint disorders""","""last_hurrah"""
"""Vitamin D""","""SUBJECT_HAS_ROLE""","""immunomodulatory""","""last_hurrah"""
"""1,25-dihydroxyvitamin D3""","""SUBCLASS_OF""","""Vitamin D""","""last_hurrah"""
"""calcium""","""HAS_PART""","""Vitamin D""","""last_hurrah"""
"""bone""","""HAS_PART""","""Vitamin D""","""last_hurrah"""
"""autoimmune disorders""","""HAS_EFFECT""","""Rheumatoid arthritis""","""last_hurrah"""
"""Rheumatoid arthritis""","""SUBCLASS_OF""","""autoimmune disorders""","""last_hurrah"""
"""Vitamin D""","""MEDICAL_CONDITION_TREATED""","""Rheumatoid arthritis""","""last_hurrah"""
"""Rheumatoid arthritis""","""DRUG_USED_FOR_TREATMENT""","""Vitamin D""","""last_hurrah"""
"""Leflunomide""","""MEDICAL_CONDITION_TREATED""","""Rheumatoid arthritis""","""last_hurrah"""
"""Leflunomide""","""SUBJECT_HAS_ROLE""","""disease-modifying antirheumatic drug""","""last_hurrah"""
"""Rheumatoid arthritis""","""DRUG_USED_FOR_TREATMENT""","""Leflunomide""","""last_hurrah"""
"""in vivo""","""DIFFERENT_FROM""","""in vitro""","""last_hurrah"""
"""in vitro""","""DIFFERENT_FROM""","""in vivo""","""last_hurrah"""
"""immunomodulatory""","""SUBCLASS_OF""","""potent""","""last_hurrah"""
"""Leflunomide""","""MEDICAL_CONDITION_TREATED""","""autoimmune diseases""","""last_hurrah"""
"""autoimmune diseases""","""DRUG_USED_FOR_TREATMENT""","""Leflunomide""","""last_hurrah"""
"""controlled""","""SUBCLASS_OF""","""randomized trial""","""last_hurrah"""
"""double-blind""","""SUBCLASS_OF""","""controlled""","""last_hurrah"""
"""randomized trial""","""SUBCLASS_OF""","""controlled""","""last_hurrah"""
"""evidence""","""FACET_OF""","""relationship""","""last_hurrah"""
"""omega-3 fatty acid""","""HAS_PART""","""Vitamin D""","""last_hurrah"""
"""Possible mechanisms by which these dietary.""","""SUBCLASS_OF""","""mechanisms by which these dietary.""","""last_hurrah"""
"""RA disease""","""SUBCLASS_OF""","""Rheumatoid arthritis""","""last_hurrah"""
"""autoantigens""","""HAS_EFFECT""","""antigen""","""last_hurrah"""
"""hypothetical pathway""","""SUBCLASS_OF""","""pathway""","""last_hurrah"""
"""RA process""","""SUBCLASS_OF""","""Rheumatoid arthritis""","""last_hurrah"""
"""Rheumatoid arthritis""","""HAS_EFFECT""","""RA""","""last_hurrah"""
"""RA""","""HAS_CAUSE""","""Rheumatoid arthritis""","""last_hurrah"""
"""TNFalpha blocking""","""SUBCLASS_OF""","""biologics""","""last_hurrah"""
"""Rheumatoid arthritis""","""HAS_EFFECT""","""improve symptoms""","""last_hurrah"""
"""improve symptoms""","""FACET_OF""","""Rheumatoid arthritis""","""last_hurrah"""
"""TNFalpha""","""MEDICAL_CONDITION_TREATED""","""chronic inflammation""","""last_hurrah"""
"""chronic inflammation""","""DRUG_USED_FOR_TREATMENT""","""TNFalpha""","""last_hurrah"""
"""autoimmune diseases""","""HAS_EFFECT""","""Rheumatoid arthritis""","""last_hurrah"""
"""TNFalpha blockade""","""MEDICAL_CONDITION_TREATED""","""autoimmune diseases""","""last_hurrah"""
"""autoimmune diseases""","""DRUG_USED_FOR_TREATMENT""","""TNFalpha blockade""","""last_hurrah"""
"""inflammation""","""HAS_EFFECT""","""symptoms""","""last_hurrah"""
"""symptoms""","""HAS_CAUSE""","""inflammation""","""last_hurrah"""
"""RA""","""SUBCLASS_OF""","""rheumatoid blood""","""last_hurrah"""
"""symptomssynovial fluid""","""SUBCLASS_OF""","""symptom""","""last_hurrah"""
"""mRNA""","""SUBCLASS_OF""","""protein""","""last_hurrah"""
"""B cell""","""PART_OF""","""synovial tissue""","""last_hurrah"""
"""RA""","""SUBCLASS_OF""","""rheumatoid destruction""","""last_hurrah"""
"""K-Ras mutation""","""INSTANCE_OF""","""Genetic alterations""","""Pancreas_Pain"""
"""tumor""","""HAS_PART""","""microenvironment""","""Pancreas_Pain"""
"""microenvironment""","""PART_OF""","""tumor""","""Pancreas_Pain"""
"""immune checkpoint inhibition""","""PART_OF""","""immune system""","""Pancreas_Pain"""
"""checkpoint""","""PART_OF""","""immune""","""Pancreas_Pain"""
"""K-Ras""","""INSTANCE_OF""","""gene""","""Pancreas_Pain"""
"""K-Ras""","""INSTANCE_OF""","""oncogenes""","""Pancreas_Pain"""
"""KRAS""","""INSTANCE_OF""","""oncogenes""","""Pancreas_Pain"""
"""KRASG12C""","""MEDICAL_CONDITION_TREATED""","""pancreatic cancer""","""Pancreas_Pain"""
"""pancreatic cancer""","""DRUG_USED_FOR_TREATMENT""","""KRASG12C""","""Pancreas_Pain"""
"""oncogenic""","""SUBCLASS_OF""","""cancer""","""Pancreas_Pain"""
"""AMG510""","""MANUFACTURER""","""AMG""","""Pancreas_Pain"""
"""KRAS""","""SUBCLASS_OF""","""G12C""","""Pancreas_Pain"""
"""K-Ras""","""INSTANCE_OF""","""allele""","""Pancreas_Pain"""
"""colorectal cancer""","""SUBCLASS_OF""","""oncogenic""","""Pancreas_Pain"""
"""pancreatic cancer""","""SUBCLASS_OF""","""oncogenic""","""Pancreas_Pain"""
"""lung""","""SUBCLASS_OF""","""oncogenic""","""Pancreas_Pain"""
"""allele frequencies""","""FACET_OF""","""biological selection""","""Pancreas_Pain"""
"""mutant""","""SUBCLASS_OF""","""allele""","""Pancreas_Pain"""
"""Pancreatic ductal adenocarcinoma""","""INSTANCE_OF""","""cause of death""","""Pancreas_Pain"""
"""Pancreatic ductal adenocarcinoma""","""HAS_CAUSE""","""PDAC PDAC""","""Pancreas_Pain"""
"""PDAC PDAC""","""HAS_EFFECT""","""Pancreatic ductal adenocarcinoma""","""Pancreas_Pain"""
"""KRAS""","""INSTANCE_OF""","""protein""","""Pancreas_Pain"""
"""fine-needle aspiration material""","""SUBCLASS_OF""","""digital droplet PCR""","""Pancreas_Pain"""
"""epigenomic""","""PART_OF""","""Genomic""","""Pancreas_Pain"""
"""KRAS""","""INSTANCE_OF""","""gene""","""Pancreas_Pain"""
"""CDKN2A""","""INSTANCE_OF""","""gene""","""Pancreas_Pain"""
"""TP53""","""INSTANCE_OF""","""gene""","""Pancreas_Pain"""
"""SMAD4""","""INSTANCE_OF""","""gene""","""Pancreas_Pain"""
"""genomic screening""","""FACET_OF""","""pancreatic cancer""","""Pancreas_Pain"""
"""epigenetic""","""FACET_OF""","""gene""","""Pancreas_Pain"""
"""KRAS""","""INSTANCE_OF""","""mutational mutation""","""Pancreas_Pain"""
"""mutant""","""SUBCLASS_OF""","""gene mutations""","""Pancreas_Pain"""
"""AMG510""","""SUBJECT_HAS_ROLE""","""inhibitors""","""Pancreas_Pain"""
"""adagrasib""","""SUBJECT_HAS_ROLE""","""inhibitors""","""Pancreas_Pain"""
"""KRAS inhibitor""","""SUBCLASS_OF""","""resistance to minority""","""Pancreas_Pain"""
"""combination therapies""","""SUBCLASS_OF""","""long-term clinical responses""","""Pancreas_Pain"""
"""autophagy""","""SUBCLASS_OF""","""metabolism""","""Pancreas_Pain"""
"""Ultra-pH-sensitive micelles""","""SUBCLASS_OF""","""pH-specific buffering""","""Pancreas_Pain"""
"""pancreatic cancer nanoparticles""","""SUBCLASS_OF""","""nanoparticles""","""Pancreas_Pain"""
"""ctDNA""","""SUBCLASS_OF""","""digital polymerase chain reaction""","""Pancreas_Pain"""
"""K-Ras""","""HAS_PART""","""G12V""","""Pancreas_Pain"""
"""G12V""","""PART_OF""","""K-Ras""","""Pancreas_Pain"""
"""CDK4/6 inhibitors""","""SUBCLASS_OF""","""inhibitors""","""Pancreas_Pain"""
"""CDK4/6 inhibitor""","""SUBCLASS_OF""","""resistance mechanisms""","""Pancreas_Pain"""
"""variability suppression""","""SUBCLASS_OF""","""suppression""","""Pancreas_Pain"""
"""KRAS""","""SUBCLASS_OF""","""gene mutations""","""Pancreas_Pain"""
"""sequencing""","""PART_OF""","""Genomic""","""Pancreas_Pain"""
"""Pancreatic ductal adenocarcinoma""","""SUBCLASS_OF""","""PDAC""","""Pancreas_Pain"""
"""nab-paclitaxel""","""HAS_PART""","""Abraxane""","""Pancreas_Pain"""
"""Abraxane""","""PART_OF""","""nab-paclitaxel""","""Pancreas_Pain"""
"""nab-paclitaxel""","""SUBCLASS_OF""","""paclitaxel""","""Pancreas_Pain"""
"""KRAS signaling pathway""","""SUBCLASS_OF""","""downregulation""","""Pancreas_Pain"""
"""Casein kinase II""","""SUBCLASS_OF""","""cyclin-dependent kinase""","""Pancreas_Pain"""
"""Casein kinase II""","""INSTANCE_OF""","""protein""","""Pancreas_Pain"""
"""cyclin-dependent kinase""","""INSTANCE_OF""","""protein""","""Pancreas_Pain"""
"""PDAC""","""SUBCLASS_OF""","""cell line""","""Pancreas_Pain"""
"""gene variants""","""FACET_OF""","""gene expression""","""Pancreas_Pain"""
"""early detection""","""SUBCLASS_OF""","""diagnosis""","""Pancreas_Pain"""
"""dietary habits""","""SUBCLASS_OF""","""lifestyle factors""","""Pancreas_Pain"""
"""pancreatic cancer""","""INSTANCE_OF""","""deadliest cancers""","""Pancreas_Pain"""
"""BRCA2""","""SUBCLASS_OF""","""germline mutations""","""Pancreas_Pain"""
"""early detection""","""SUBCLASS_OF""","""cancer diagnosis""","""Pancreas_Pain"""
"""KRASG12C""","""HAS_EFFECT""","""non-small cell lung cancer""","""Pancreas_Pain"""
"""AMG510""","""SUBJECT_HAS_ROLE""","""KRASG12C inhibitor""","""Pancreas_Pain"""
"""AMG510""","""SUBJECT_HAS_ROLE""","""KRASG12C""","""Pancreas_Pain"""
"""AMG510""","""PART_OF""","""KRASG12C""","""Pancreas_Pain"""
"""KRASG12C""","""HAS_PART""","""AMG510""","""Pancreas_Pain"""
"""AMG510""","""SUBCLASS_OF""","""KRASG12C""","""Pancreas_Pain"""
"""pancreatic cancer""","""INSTANCE_OF""","""malignancy""","""Pancreas_Pain"""
"""Turner syndrome""","""SUBCLASS_OF""","""chromosomal disorder""","""Xs_Os"""
"""Turner syndrome""","""SUBCLASS_OF""","""Untreated girls with TS""","""Xs_Os"""
"""Turner syndrome""","""INSTANCE_OF""","""growth pattern""","""Xs_Os"""
"""developmental delay in the uterus""","""SUBCLASS_OF""","""born a little smaller than the normal population""","""Xs_Os"""
"""pubertal age""","""FOLLOWED_BY""","""pubertal period""","""Xs_Os"""
"""pubertal period""","""FOLLOWS""","""pubertal age""","""Xs_Os"""
"""puberty""","""HAS_EFFECT""","""growth velocity""","""Xs_Os"""
"""Turner syndrome""","""SUBCLASS_OF""","""TS""","""Xs_Os"""
"""Growth hormone""","""SUBJECT_HAS_ROLE""","""accelerate growth""","""Xs_Os"""
"""Turner syndrome""","""SUBCLASS_OF""","""premature ovarian insufficiency""","""Xs_Os"""
"""GH therapy""","""MEDICAL_CONDITION_TREATED""","""Turner syndrome""","""Xs_Os"""
"""estrogen replacement treatment""","""MEDICAL_CONDITION_TREATED""","""Turner syndrome""","""Xs_Os"""
"""Turner syndrome""","""DRUG_USED_FOR_TREATMENT""","""GH therapy""","""Xs_Os"""
"""Turner syndrome""","""DRUG_USED_FOR_TREATMENT""","""estrogen replacement treatment""","""Xs_Os"""
"""induction of puberty""","""HAS_PART""","""Growth hormone""","""Xs_Os"""
"""pubertal growth""","""FACET_OF""","""Turner syndrome""","""Xs_Os"""
"""Turner syndrome""","""INSTANCE_OF""","""rare condition""","""Xs_Os"""
"""autoimmune disorders""","""SUBCLASS_OF""","""endocrine disorders""","""Xs_Os"""
"""Morbidity""","""HAS_EFFECT""","""mortality""","""Xs_Os"""
"""mortality""","""HAS_CAUSE""","""Morbidity""","""Xs_Os"""
"""phenotype""","""HAS_EFFECT""","""diagnosis""","""Xs_Os"""
"""women""","""SUBCLASS_OF""","""Turner syndrome""","""Xs_Os"""
"""growth hormone therapy""","""SUBCLASS_OF""","""hormone replacement therapy""","""Xs_Os"""
"""Nadesapillai et al.""","""INSTANCE_OF""","""study""","""Xs_Os"""
"""ovarian tissue cryopreservation""","""SUBCLASS_OF""","""fertility preservation""","""Xs_Os"""
"""premature ovarian insufficiency""","""SUBCLASS_OF""","""Turner syndrome""","""Xs_Os"""
"""spontaneously""","""SUBCLASS_OF""","""Natural conception""","""Xs_Os"""
"""miscarriage""","""HAS_CAUSE""","""general population""","""Xs_Os"""
"""general population""","""HAS_EFFECT""","""miscarriage""","""Xs_Os"""
"""follicles""","""PART_OF""","""ovarian cortex""","""Xs_Os"""
"""folliculogenesis""","""PRODUCT_OR_MATERIAL_PRODUCED""","""follicles""","""Xs_Os"""
"""follicles""","""HAS_EFFECT""","""fertility""","""Xs_Os"""
"""first clinical pregnancy in a patient with TS who conceived naturally after autotransplantation of her cryopreserved ovarian tissue""","""FOLLOWS""","""conceived naturally after autotransplantation of her cryopreserved ovarian tissue""","""Xs_Os"""
"""conceived naturally after autotransplantation of her cryopreserved ovarian tissue""","""FOLLOWED_BY""","""first clinical pregnancy in a patient with TS who conceived naturally after autotransplantation of her cryopreserved ovarian tissue""","""Xs_Os"""
"""miscarriage""","""OPPOSITE_OF""","""conceived naturally""","""Xs_Os"""
"""pregnancy""","""HAS_EFFECT""","""live birth""","""Xs_Os"""
"""live birth""","""HAS_CAUSE""","""pregnancy""","""Xs_Os"""
"""second pregnancy""","""FOLLOWED_BY""","""LB followed 2 years later""","""Xs_Os"""
"""LB followed 2 years later""","""FOLLOWS""","""second pregnancy""","""Xs_Os"""
"""Turner syndrome""","""INSTANCE_OF""","""chromosome condition""","""Xs_Os"""
"""expected""","""PART_OF""","""social context""","""Xs_Os"""
"""Turner syndrome""","""SUBCLASS_OF""","""chromosome condition""","""Xs_Os"""
"""Infertility diagnosed in childhood""","""HAS_EFFECT""","""reproductive timing""","""Xs_Os"""
"""reproductive timing""","""HAS_CAUSE""","""Infertility diagnosed in childhood""","""Xs_Os"""
"""Turner syndrome""","""SUBCLASS_OF""","""temporal misfitting""","""Xs_Os"""
"""infertility""","""FACET_OF""","""families""","""Xs_Os"""
"""Turner syndrome""","""HAS_CAUSE""","""premature ovarian insufficiency""","""Xs_Os"""
"""premature ovarian insufficiency""","""HAS_EFFECT""","""Turner syndrome""","""Xs_Os"""
"""Turner syndrome""","""SUBCLASS_OF""","""chromosome condition affecting women's reproductive capacity""","""Xs_Os"""
"""Turner syndrome""","""SUBCLASS_OF""","""infertility""","""Xs_Os"""
"""gestagen""","""FACET_OF""","""estrogen""","""Xs_Os"""
"""ovarian tissue cryopreservation""","""SUBCLASS_OF""","""cryopreservation""","""Xs_Os"""
"""ovarian tissue cryopreservation""","""FACET_OF""","""Turner syndrome""","""Xs_Os"""
"""Genomic""","""SUBCLASS_OF""","""genetic""","""Xs_Os"""
"""Turner syndrome""","""SUBCLASS_OF""","""ovarian failure""","""Xs_Os"""
"""Turner syndrome""","""SUBCLASS_OF""","""ovarian""","""Xs_Os"""
"""spontaneously""","""SUBCLASS_OF""","""assisted reproduction""","""Xs_Os"""
"""Homologous fertility preservation""","""SUBCLASS_OF""","""cryopreservation""","""Xs_Os"""
"""postpubertal""","""SUBCLASS_OF""","""reproductive capacity""","""Xs_Os"""
"""informed consent""","""FACET_OF""","""clinical ethics""","""Xs_Os"""
"""mosaic Turner syndrome""","""SUBCLASS_OF""","""altered ovarian reserve""","""Xs_Os"""
"""preimplantation genetic testing""","""USE""","""in vitro fertilization""","""Xs_Os"""
"""preimplantation genetic diagnosis""","""FACET_OF""","""mosaic Turner syndrome""","""Xs_Os"""
"""literature review""","""USES""","""inclusion criteria""","""Xs_Os"""
"""inclusion criteria""","""USED_BY""","""literature review""","""Xs_Os"""
"""mosaic Turner syndrome""","""SUBCLASS_OF""","""PGT""","""Xs_Os"""
"""Euploid""","""SUBCLASS_OF""","""embryo""","""Xs_Os"""
"""genetic defect""","""STUDIED_BY""","""genetic analysis""","""Xs_Os"""
"""estrogen induction therapy""","""MEDICAL_CONDITION_TREATED""","""Turner syndrome""","""Xs_Os"""
"""Turner syndrome""","""DRUG_USED_FOR_TREATMENT""","""estrogen induction therapy""","""Xs_Os"""
"""Turner syndrome""","""NUMBER_OF_PARTICIPANTS""","""66""","""Xs_Os"""
"""X monosomy""","""SUBCLASS_OF""","""structural abnormalities""","""Xs_Os"""
"""X mosaicism""","""SUBCLASS_OF""","""structural abnormalities""","""Xs_Os"""
"""spontaneous puberty""","""SUBCLASS_OF""","""pubertal presentation""","""Xs_Os"""
"""arrested puberty""","""SUBCLASS_OF""","""pubertal presentation""","""Xs_Os"""
"""no spontaneous puberty""","""SUBCLASS_OF""","""pubertal presentation""","""Xs_Os"""
"""pubertal presentation""","""INSTANCE_OF""","""Karyotype""","""Xs_Os"""
"""spontaneous puberty""","""SUBCLASS_OF""","""puberty""","""Xs_Os"""
"""pubertal induction""","""SUBCLASS_OF""","""puberty""","""Xs_Os"""
"""premature ovarian insufficiency""","""HAS_EFFECT""","""infertility""","""Xs_Os"""
"""Turner syndrome""","""HAS_CAUSE""","""spontaneous puberty""","""Xs_Os"""
"""spontaneous puberty""","""HAS_EFFECT""","""Turner syndrome""","""Xs_Os"""
"""OTC""","""MEDICAL_CONDITION_TREATED""","""Turner syndrome""","""Xs_Os"""
"""Turner syndrome""","""DRUG_USED_FOR_TREATMENT""","""OTC""","""Xs_Os"""
"""Turner syndrome""","""HAS_CAUSE""","""pregnancy""","""Xs_Os"""
"""oocyte donation""","""SUBCLASS_OF""","""assisted reproductive technologies""","""Xs_Os"""
"""Maternal mortality""","""HAS_CAUSE""","""cardiovascular anomalies""","""Xs_Os"""
"""cardiovascular anomalies""","""HAS_EFFECT""","""Maternal mortality""","""Xs_Os"""
"""blood pressure""","""INSTANCE_OF""","""biological parameters""","""Xs_Os"""
"""aspirin""","""MEDICAL_CONDITION_TREATED""","""hypertension""","""Xs_Os"""
"""aspirin""","""MEDICAL_CONDITION_TREATED""","""pre-eclampsia""","""Xs_Os"""
"""hypertension""","""DRUG_USED_FOR_TREATMENT""","""aspirin""","""Xs_Os"""
"""pre-eclampsia""","""DRUG_USED_FOR_TREATMENT""","""aspirin""","""Xs_Os"""
"""cardiologists""","""PART_OF""","""endocrinologists""","""Xs_Os"""
"""Turner syndrome""","""HAS_EFFECT""","""desire to become pregnant""","""Xs_Os"""
"""desire to become pregnant""","""HAS_CAUSE""","""Turner syndrome""","""Xs_Os"""
"""oocyte donation""","""SUBCLASS_OF""","""assisted reproduction""","""Xs_Os"""
"""rupture""","""HAS_CAUSE""","""aortic dissection""","""Xs_Os"""
"""maternal mortality rate""","""INSTANCE_OF""","""2%""","""Xs_Os"""
"""consensus opinions""","""SUBCLASS_OF""","""anecdotal experiences""","""Xs_Os"""
"""relative contraindication for pregnancy""","""OPPOSITE_OF""","""absolute contraindications""","""Xs_Os"""
"""absolute contraindications""","""OPPOSITE_OF""","""relative contraindication for pregnancy""","""Xs_Os"""
"""significant""","""SUBCLASS_OF""","""abnormality""","""Xs_Os"""
"""coarctation of the aorta""","""HAS_CAUSE""","""Aortic dilation""","""Xs_Os"""
"""mortality""","""SUBCLASS_OF""","""Morbidity""","""Xs_Os"""
"""obstetrician""","""FIELD_OF_THIS_OCCUPATION""","""patient care""","""Xs_Os"""
"""patient care""","""PRACTICED_BY""","""obstetrician""","""Xs_Os"""
"""gonadal dysgenesis""","""HAS_EFFECT""","""infertility""","""Xs_Os"""
"""autoimmunity""","""FACET_OF""","""health""","""Xs_Os"""
"""Turner syndrome""","""DRUG_USED_FOR_TREATMENT""","""sex hormone replacement therapy""","""Xs_Os"""
"""sex hormone replacement therapy""","""MEDICAL_CONDITION_TREATED""","""Turner syndrome""","""Xs_Os"""
"""HRT""","""HAS_CAUSE""","""estrogen receptor""","""Xs_Os"""
"""estrogen receptor""","""HAS_EFFECT""","""HRT""","""Xs_Os"""
"""androgen insufficiency""","""HAS_CAUSE""","""estrogen""","""Xs_Os"""
"""Obsessive-compulsive disorder""","""SUBCLASS_OF""","""intrusive thoughts and urges""","""Oops_Computer_Died"""
"""Obsessive-compulsive disorder""","""HAS_EFFECT""","""exacerbations""","""Oops_Computer_Died"""
"""exacerbations""","""HAS_CAUSE""","""Obsessive-compulsive disorder""","""Oops_Computer_Died"""
"""Obsessive-compulsive disorder""","""HAS_CAUSE""","""heredity""","""Oops_Computer_Died"""
"""Obsessive-compulsive disorder""","""OPPOSITE_OF""","""controls""","""Oops_Computer_Died"""
"""controls""","""OPPOSITE_OF""","""Obsessive-compulsive disorder""","""Oops_Computer_Died"""
"""child""","""FOLLOWED_BY""","""adolescent""","""Oops_Computer_Died"""
"""Obsessive-compulsive disorder""","""INSTANCE_OF""","""heritability""","""Oops_Computer_Died"""
"""non-shared environment""","""INSTANCE_OF""","""heritability""","""Oops_Computer_Died"""
"""International OCD Foundation-Genetics Consortium""","""INSTANCE_OF""","""GWAS""","""Oops_Computer_Died"""
"""childhood-onset OCD""","""HAS_EFFECT""","""symptoms before the age of 1715""","""Oops_Computer_Died"""
"""symptoms before the age of 1715""","""HAS_CAUSE""","""childhood-onset OCD""","""Oops_Computer_Died"""
"""minor allele frequency""","""FACET_OF""","""heritability""","""Oops_Computer_Died"""
"""genome-wide association studies""","""SUBCLASS_OF""","""whole-genome studies""","""Oops_Computer_Died"""
"""1p36""","""INSTANCE_OF""","""chromosomal region""","""Oops_Computer_Died"""
"""polygenic""","""SUBCLASS_OF""","""traits""","""Oops_Computer_Died"""
"""International OCD Foundation Genetics Collaborative""","""FIELD_OF_WORK""","""Obsessive-compulsive disorder""","""Oops_Computer_Died"""
"""OCD Collaborative Genetics Association Study""","""FIELD_OF_WORK""","""Obsessive-compulsive disorder""","""Oops_Computer_Died"""
"""GWAS""","""FACET_OF""","""Obsessive-compulsive disorder""","""Oops_Computer_Died"""
"""FAIM2""","""INSTANCE_OF""","""chromosome""","""Oops_Computer_Died"""
"""quantitative trait loci""","""INSTANCE_OF""","""genome-wide significance""","""Oops_Computer_Died"""
"""OCD Collaborative Genetics Association Study""","""INSTANCE_OF""","""GWAS""","""Oops_Computer_Died"""
"""Obsessive-compulsive disorder""","""COUNTRY_OF_ORIGIN""","""United States""","""Oops_Computer_Died"""
"""tyrosine phosphate receptor D""","""INSTANCE_OF""","""gene""","""Oops_Computer_Died"""
"""CDH9""","""INSTANCE_OF""","""gene""","""Oops_Computer_Died"""
"""CDH10""","""INSTANCE_OF""","""gene""","""Oops_Computer_Died"""
"""quantitative obsessive compulsive symptoms""","""SUBCLASS_OF""","""Obsessive-compulsive disorder""","""Oops_Computer_Died"""
"""myocyte enhancer factor 2B neighbor""","""INSTANCE_OF""","""gene""","""Oops_Computer_Died"""
"""IOCDF-GC""","""MAIN_SUBJECT""","""obsessive compulsive symptoms""","""Oops_Computer_Died"""
"""OCS susceptibility variants""","""INSTANCE_OF""","""regions of interest""","""Oops_Computer_Died"""
"""phenotype""","""HAS_CAUSE""","""genetic""","""Oops_Computer_Died"""
"""combined analyses""","""USES""","""datasets""","""Oops_Computer_Died"""
"""OCGAS""","""INSTANCE_OF""","""GWAS""","""Oops_Computer_Died"""
"""GWAS""","""FACET_OF""","""genotypes""","""Oops_Computer_Died"""
"""polygenic risk score""","""FACET_OF""","""phenotype""","""Oops_Computer_Died"""
"""common variation heritability""","""SUBCLASS_OF""","""heritability""","""Oops_Computer_Died"""
"""LD score regression""","""FACET_OF""","""heritability""","""Oops_Computer_Died"""
"""chronic""","""SUBCLASS_OF""","""condition""","""Oops_Computer_Died"""
"""International Classification of Diseases""","""HAS_PART""","""11th Revision""","""Oops_Computer_Died"""
"""11th Revision""","""PART_OF""","""International Classification of Diseases""","""Oops_Computer_Died"""
"""pharmacotherapy""","""SUBCLASS_OF""","""psychotherapy""","""Oops_Computer_Died"""
"""symptom dimensions""","""FACET_OF""","""symptom""","""Oops_Computer_Died"""
"""brain circuits""","""STUDIED_BY""","""neurobiological""","""Oops_Computer_Died"""
"""molecular""","""PART_OF""","""cellular""","""Oops_Computer_Died"""
"""translational neuroscience""","""STUDIES""","""clinical outcomes""","""Oops_Computer_Died"""
"""clinical outcomes""","""STUDIED_BY""","""translational neuroscience""","""Oops_Computer_Died"""
"""pathophysiology""","""PART_OF""","""Etiology""","""Oops_Computer_Died"""
"""Obsessive-compulsive disorder""","""STUDIED_BY""","""neurobiology""","""Oops_Computer_Died"""
"""brain areas""","""STUDIED_BY""","""neuroimaging""","""Oops_Computer_Died"""
"""neuroimaging""","""STUDIES""","""brain areas""","""Oops_Computer_Died"""
"""serotonin reuptake inhibitor""","""SUBCLASS_OF""","""serotonergic system""","""Oops_Computer_Died"""
"""neuron""","""HAS_PART""","""neurochemical activity""","""Oops_Computer_Died"""
"""neurochemical activity""","""PART_OF""","""neuron""","""Oops_Computer_Died"""
"""OCS""","""HAS_CAUSE""","""serotonin reuptake receptor""","""Oops_Computer_Died"""
"""disabling""","""SUBCLASS_OF""","""condition""","""Oops_Computer_Died"""
"""basal ganglia""","""HAS_PART""","""OCS""","""Oops_Computer_Died"""
"""OCS""","""PART_OF""","""basal ganglia""","""Oops_Computer_Died"""
"""excitatory amino acid transporter""","""HAS_PART""","""excitatory amino acid transporter 1""","""Oops_Computer_Died"""
"""excitatory amino acid transporter 1""","""PART_OF""","""excitatory amino acid transporter""","""Oops_Computer_Died"""
"""EAAT3""","""MEDICAL_CONDITION_TREATED""","""Obsessive-compulsive disorder""","""Oops_Computer_Died"""
"""Obsessive-compulsive disorder""","""DRUG_USED_FOR_TREATMENT""","""EAAT3""","""Oops_Computer_Died"""
"""EAAT3""","""ENCODES""","""EAAT3""","""Oops_Computer_Died"""
"""dorsal striatum""","""PART_OF""","""locomotor activity""","""Oops_Computer_Died"""
"""SKF-38393 challenge experiment""","""INSTANCE_OF""","""pharmacologic model""","""Oops_Computer_Died"""
"""dorsal striatum""","""HAS_PART""","""dopamine D1 receptor""","""Oops_Computer_Died"""
"""dorsal striatum""","""PRODUCT_OR_MATERIAL_PRODUCED""","""dopamine""","""Oops_Computer_Died"""
"""striatum""","""PART_OF""","""midbrain""","""Oops_Computer_Died"""
"""OCS""","""INSTANCE_OF""","""gene""","""Oops_Computer_Died"""
"""schizophrenia""","""SUBCLASS_OF""","""psychiatric disorders""","""Oops_Computer_Died"""
"""Cytoscape""","""USE""","""R statistical software""","""Oops_Computer_Died"""
"""CDH2""","""HAS_PART""","""EAAT3""","""Oops_Computer_Died"""
"""Estrogen receptor α""","""INSTANCE_OF""","""gene""","""Oops_Computer_Died"""
"""Obsessive-compulsive disorder""","""SUBCLASS_OF""","""psychiatric disorders""","""Oops_Computer_Died"""
"""polygenic disorder""","""SUBCLASS_OF""","""heritable""","""Oops_Computer_Died"""
"""twin analyses""","""SUBCLASS_OF""","""Genome-wide studies""","""Oops_Computer_Died"""
"""polygenic architecture""","""FACET_OF""","""Genomic""","""Oops_Computer_Died"""
"""PANDAS""","""SUBCLASS_OF""","""Autoimmune triggers""","""Oops_Computer_Died"""
"""PANS""","""SUBCLASS_OF""","""Autoimmune triggers""","""Oops_Computer_Died"""
"""autoantibodies""","""SUBCLASS_OF""","""autoimmune diseases""","""Oops_Computer_Died"""
"""autoimmunity""","""SUBCLASS_OF""","""Obsessive-compulsive disorder""","""Oops_Computer_Died"""
"""BTBD3""","""PART_OF""","""first OCD GWAS""","""Oops_Computer_Died"""
"""first OCD GWAS""","""HAS_PART""","""BTBD3""","""Oops_Computer_Died"""
"""Autoimmune OCD""","""HAS_CAUSE""","""autoantibodies""","""Oops_Computer_Died"""
"""autoantibodies""","""HAS_EFFECT""","""Autoimmune OCD""","""Oops_Computer_Died"""
"""TNF-a""","""INSTANCE_OF""","""gene""","""Oops_Computer_Died"""
"""methylation""","""SUBCLASS_OF""","""epigenetic markers""","""Oops_Computer_Died"""
"""solute carrier family 1, member 1""","""INSTANCE_OF""","""gene""","""Oops_Computer_Died"""
"""epigenetic""","""PART_OF""","""genetic""","""Oops_Computer_Died"""
"""damaging effect of high temperatures on plant development""","""FACET_OF""","""Global warming""","""Heat_It_And_Weep"""
"""very high temperatures""","""SUBCLASS_OF""","""climatological extremes""","""Heat_It_And_Weep"""
"""impact""","""FACET_OF""","""global climate change""","""Heat_It_And_Weep"""
"""Global warming""","""SUBCLASS_OF""","""climate change""","""Heat_It_And_Weep"""
"""biochemistry""","""PART_OF""","""physiology""","""Heat_It_And_Weep"""
"""heat stress tolerance""","""SUBCLASS_OF""","""crop improvement""","""Heat_It_And_Weep"""
"""tolerant""","""DIFFERENT_FROM""","""heat stress""","""Heat_It_And_Weep"""
"""heat stress""","""DIFFERENT_FROM""","""tolerant""","""Heat_It_And_Weep"""
"""temperature fluctuations""","""SUBCLASS_OF""","""temperature""","""Heat_It_And_Weep"""
"""flowering plant""","""HAS_PART""","""gametophytic""","""Heat_It_And_Weep"""
"""pollen""","""HAS_EFFECT""","""fertilization""","""Heat_It_And_Weep"""
"""fertilization""","""HAS_CAUSE""","""pollen""","""Heat_It_And_Weep"""
"""proteomic""","""SUBCLASS_OF""","""Transcriptome""","""Heat_It_And_Weep"""
"""Col""","""PARENT_TAXON""","""Arabidopsis thaliana""","""Heat_It_And_Weep"""
"""Hi-0""","""PARENT_TAXON""","""Arabidopsis thaliana""","""Heat_It_And_Weep"""
"""pollen tube""","""PART_OF""","""seed set""","""Heat_It_And_Weep"""
"""Hi-0""","""PART_OF""","""Arabidopsis""","""Heat_It_And_Weep"""
"""temperature tolerance""","""INSTANCE_OF""","""genetic traits""","""Heat_It_And_Weep"""
"""conserved heat shock transcription factor""","""SUBCLASS_OF""","""transcriptionally regulated""","""Heat_It_And_Weep"""
"""Hsf""","""INSTANCE_OF""","""gene""","""Heat_It_And_Weep"""
"""Hsf""","""INSTANCE_OF""","""gene family""","""Heat_It_And_Weep"""
"""Maize""","""SUBCLASS_OF""","""cereal""","""Heat_It_And_Weep"""
"""Maize""","""INSTANCE_OF""","""cereal""","""Heat_It_And_Weep"""
"""gene""","""PART_OF""","""genome""","""Heat_It_And_Weep"""
"""ZmHsfs""","""SUBCLASS_OF""","""Hsf""","""Heat_It_And_Weep"""
"""gene""","""PART_OF""","""Chromosomal""","""Heat_It_And_Weep"""
"""subclasses""","""FACET_OF""","""phylogenetic comparisons""","""Heat_It_And_Weep"""
"""subclasses""","""PART_OF""","""classes""","""Heat_It_And_Weep"""
"""ZmHsf""","""INSTANCE_OF""","""gene""","""Heat_It_And_Weep"""
"""heat stress""","""HAS_CAUSE""","""Global warming""","""Heat_It_And_Weep"""
"""mineral nutrient deficiencies""","""SUBCLASS_OF""","""environmental stress factors""","""Heat_It_And_Weep"""
"""wheat""","""HAS_PART""","""magnesium""","""Heat_It_And_Weep"""
"""solution culture""","""HAS_PART""","""Mg""","""Heat_It_And_Weep"""
"""light""","""OPPOSITE_OF""","""dark""","""Heat_It_And_Weep"""
"""dark""","""OPPOSITE_OF""","""light""","""Heat_It_And_Weep"""
"""shoot""","""PART_OF""","""root""","""Heat_It_And_Weep"""
"""sink""","""PART_OF""","""leaves""","""Heat_It_And_Weep"""
"""source""","""PART_OF""","""leaves""","""Heat_It_And_Weep"""
"""wheat""","""DIFFERENT_FROM""","""Maize""","""Heat_It_And_Weep"""
"""Maize""","""DIFFERENT_FROM""","""wheat""","""Heat_It_And_Weep"""
"""wheat""","""SUBCLASS_OF""","""root growth""","""Heat_It_And_Weep"""
"""Maize""","""SUBCLASS_OF""","""root growth""","""Heat_It_And_Weep"""
"""Magnesium deficiency""","""INSTANCE_OF""","""deficiency""","""Heat_It_And_Weep"""
"""ascorbate peroxidase""","""SUBCLASS_OF""","""glutathione reductase""","""Heat_It_And_Weep"""
"""reactive oxygen species""","""HAS_EFFECT""","""oxidative cellular damage""","""Heat_It_And_Weep"""
"""Mg fertilization""","""HAS_PART""","""Mg""","""Heat_It_And_Weep"""
"""Plant response mechanisms to heat and drought stresses""","""FACET_OF""","""stress-tolerant genotypes""","""Heat_It_And_Weep"""
"""OsMYB55""","""INSTANCE_OF""","""gene""","""Heat_It_And_Weep"""
"""OsMYB55""","""PART_OF""","""Maize""","""Heat_It_And_Weep"""
"""Maize""","""HAS_PART""","""OsMYB55""","""Heat_It_And_Weep"""
"""stress""","""HAS_EFFECT""","""recovery from stress""","""Heat_It_And_Weep"""
"""recovery from stress""","""HAS_CAUSE""","""stress""","""Heat_It_And_Weep"""
"""OsMYB55""","""INSTANCE_OF""","""transgenic""","""Heat_It_And_Weep"""
"""OsMYB55""","""INSTANCE_OF""","""transgenic maize""","""Heat_It_And_Weep"""
"""drought""","""HAS_EFFECT""","""heat""","""Heat_It_And_Weep"""
"""Functional annotation""","""SUBCLASS_OF""","""enrichment analysis""","""Heat_It_And_Weep"""
"""drought""","""HAS_EFFECT""","""heat stress""","""Heat_It_And_Weep"""
"""starch synthesis""","""FACET_OF""","""grain yield""","""Heat_It_And_Weep"""
"""chloroplast""","""PART_OF""","""endosperm""","""Heat_It_And_Weep"""
"""endosperm""","""HAS_PART""","""chloroplast""","""Heat_It_And_Weep"""
"""PGD1""","""INSTANCE_OF""","""isozymes""","""Heat_It_And_Weep"""
"""PGD2""","""INSTANCE_OF""","""isozymes""","""Heat_It_And_Weep"""
"""PGD3""","""INSTANCE_OF""","""isozymes""","""Heat_It_And_Weep"""
"""chloroplast""","""SUBCLASS_OF""","""amyloplast""","""Heat_It_And_Weep"""
"""WPGD1""","""SUBCLASS_OF""","""fusion protein""","""Heat_It_And_Weep"""
"""WPGD2""","""SUBCLASS_OF""","""fusion protein""","""Heat_It_And_Weep"""
"""WPGD1""","""SUBCLASS_OF""","""transgenic maize""","""Heat_It_And_Weep"""
"""WPGD2""","""SUBCLASS_OF""","""transgenic maize""","""Heat_It_And_Weep"""
"""WPGD1""","""INSTANCE_OF""","""transgenes""","""Heat_It_And_Weep"""
"""WPGD2""","""INSTANCE_OF""","""transgenes""","""Heat_It_And_Weep"""
"""endosperm""","""PART_OF""","""maize kernel""","""Heat_It_And_Weep"""
"""maize kernel""","""HAS_PART""","""endosperm""","""Heat_It_And_Weep"""
"""Maize""","""SUBCLASS_OF""","""C4 plant""","""Heat_It_And_Weep"""
"""Net photosynthesis""","""SUBCLASS_OF""","""inhibition""","""Heat_It_And_Weep"""
"""leaf temperature""","""SUBCLASS_OF""","""Transpiration rate""","""Heat_It_And_Weep"""
"""fluorescence quenching""","""SUBCLASS_OF""","""Nonphotochemical""","""Heat_It_And_Weep"""
"""photosystem II""","""HAS_PART""","""Fv/Fm""","""Heat_It_And_Weep"""
"""Fv/Fm""","""PART_OF""","""photosystem II""","""Heat_It_And_Weep"""
"""3-phosphoglyceric acid""","""PART_OF""","""ribulose-1,5-bisphosphate""","""Heat_It_And_Weep"""
"""ribulose-1,5-bisphosphate""","""PART_OF""","""ribulose-1,5-bisphosphate""","""Heat_It_And_Weep"""
"""ribulose-1,5-bisphosphate""","""HAS_PART""","""3-phosphoglyceric acid""","""Heat_It_And_Weep"""
"""ribulose-1,5-bisphosphate""","""HAS_PART""","""ribulose-1,5-bisphosphate""","""Heat_It_And_Weep"""
"""activase""","""SUBCLASS_OF""","""polypeptide""","""Heat_It_And_Weep"""
"""kinetics of Rubisco""","""STUDIES""","""Rubisco activation""","""Heat_It_And_Weep"""
"""Rubisco activation""","""STUDIED_BY""","""kinetics of Rubisco""","""Heat_It_And_Weep"""
"""Pn""","""FACET_OF""","""Maize""","""Heat_It_And_Weep"""
"""DnaK""","""SUBCLASS_OF""","""molecular chaperones""","""Heat_It_And_Weep"""
"""GroEL""","""SUBCLASS_OF""","""molecular chaperones""","""Heat_It_And_Weep"""
"""HSP70""","""INSTANCE_OF""","""protein""","""Heat_It_And_Weep"""
"""cpn6O""","""INSTANCE_OF""","""protein""","""Heat_It_And_Weep"""
"""HSP22""","""SUBCLASS_OF""","""22-kD protein""","""Heat_It_And_Weep"""
"""HSP22""","""PART_OF""","""mitochondrial""","""Heat_It_And_Weep"""
"""HSP22""","""INSTANCE_OF""","""protein""","""Heat_It_And_Weep"""
"""HSP22""","""FACET_OF""","""heat-stress conditions""","""Heat_It_And_Weep"""
"""HSP22""","""SUBCLASS_OF""","""mitochondrial""","""Heat_It_And_Weep"""
"""plant small heat-shock protein""","""INSTANCE_OF""","""superfamily""","""Heat_It_And_Weep"""
"""Maize""","""TAXONOMIC_TYPE""","""Zea mays L""","""Heat_It_And_Weep"""
"""Zea mays L""","""PARENT_TAXON""","""Maize""","""Heat_It_And_Weep"""
"""A619""","""PARENT_TAXON""","""Maize""","""Heat_It_And_Weep"""
"""W64A""","""PARENT_TAXON""","""Maize""","""Heat_It_And_Weep"""
"""heat stress""","""SUBCLASS_OF""","""short-term""","""Heat_It_And_Weep"""
"""cell division""","""HAS_EFFECT""","""heat-stressed kernels""","""Heat_It_And_Weep"""
"""heat-stressed kernels""","""HAS_CAUSE""","""cell division""","""Heat_It_And_Weep"""
"""heat-stressed kernels""","""OPPOSITE_OF""","""control""","""Heat_It_And_Weep"""
"""control""","""OPPOSITE_OF""","""heat-stressed kernels""","""Heat_It_And_Weep"""
"""zeatin""","""HAS_PART""","""zeatin riboside""","""Heat_It_And_Weep"""
"""kernels""","""HAS_PART""","""zeatin""","""Heat_It_And_Weep"""
"""zeatin riboside""","""INSTANCE_OF""","""zeatin""","""Heat_It_And_Weep"""
"""endosperm""","""HAS_PART""","""cell division""","""Heat_It_And_Weep"""
"""cell division""","""PART_OF""","""endosperm""","""Heat_It_And_Weep"""
"""kernel abortion""","""DRUG_USED_FOR_TREATMENT""","""benzyladenine""","""Heat_It_And_Weep"""
"""kernels""","""PART_OF""","""Maize""","""Heat_It_And_Weep"""
"""Maize""","""HAS_PART""","""kernels""","""Heat_It_And_Weep"""
"""Plant heat stress response""","""INSTANCE_OF""","""trait""","""Heat_It_And_Weep"""
"""plant growth and development""","""PART_OF""","""life cycle""","""Heat_It_And_Weep"""
"""life cycle""","""HAS_PART""","""plant growth and development""","""Heat_It_And_Weep"""
"""heat wave""","""HAS_EFFECT""","""drought""","""Heat_It_And_Weep"""
"""drought""","""HAS_CAUSE""","""heat wave""","""Heat_It_And_Weep"""
"""stress resistance""","""SUBCLASS_OF""","""genetic markers""","""Heat_It_And_Weep"""
"""plant""","""STUDIED_BY""","""biological processes""","""Heat_It_And_Weep"""
"""biological processes""","""STUDIES""","""plant""","""Heat_It_And_Weep"""
"""transcription factor""","""PART_OF""","""complex web of transcription factors""","""Heat_It_And_Weep"""
"""complex web of transcription factors""","""HAS_PART""","""transcription factor""","""Heat_It_And_Weep"""
"""transcription factor""","""PART_OF""","""gene""","""Heat_It_And_Weep"""
"""gene""","""HAS_PART""","""transcription factor""","""Heat_It_And_Weep"""
"""transcription factor""","""SUBCLASS_OF""","""signaling pathways""","""Heat_It_And_Weep"""
"""transcription factor families""","""PART_OF""","""regulatory mechanisms""","""Heat_It_And_Weep"""
"""regulatory mechanisms""","""HAS_PART""","""transcription factor families""","""Heat_It_And_Weep"""
"""thermotolerance""","""FACET_OF""","""plant""","""Heat_It_And_Weep"""
"""eukaryote""","""PARENT_TAXON""","""plant""","""Heat_It_And_Weep"""
"""Hsfs""","""PART_OF""","""Maize""","""Heat_It_And_Weep"""
"""ZmHsf11""","""INSTANCE_OF""","""gene""","""Heat_It_And_Weep"""
"""Hsfs""","""SUBCLASS_OF""","""protein""","""Heat_It_And_Weep"""
"""proline""","""HAS_PART""","""H2O2""","""Heat_It_And_Weep"""
"""APX2""","""INSTANCE_OF""","""gene""","""Heat_It_And_Weep"""
"""DREB2A""","""INSTANCE_OF""","""gene""","""Heat_It_And_Weep"""
"""HsfA2e""","""INSTANCE_OF""","""gene""","""Heat_It_And_Weep"""
"""NTL3""","""INSTANCE_OF""","""gene""","""Heat_It_And_Weep"""
"""GR""","""INSTANCE_OF""","""gene""","""Heat_It_And_Weep"""
"""HSP17""","""INSTANCE_OF""","""gene""","""Heat_It_And_Weep"""
"""proline""","""SUBCLASS_OF""","""reactive oxygen species""","""Heat_It_And_Weep"""
"""ZmHsf11""","""SUBJECT_HAS_ROLE""","""negative regulator""","""Heat_It_And_Weep"""
"""growth""","""HAS_EFFECT""","""development""","""Heat_It_And_Weep"""
"""development""","""HAS_CAUSE""","""growth""","""Heat_It_And_Weep"""
"""heat stress""","""SUBCLASS_OF""","""agricultural losses""","""Heat_It_And_Weep"""
"""plant""","""HAS_PARTS_OF_THE_CLASS""","""plant""","""Heat_It_And_Weep"""
"""temperature window""","""FACET_OF""","""temperature""","""Heat_It_And_Weep"""
"""heat stress""","""HAS_EFFECT""","""cytoplasmic heat stress response""","""Heat_It_And_Weep"""
"""cytoplasmic heat stress response""","""HAS_CAUSE""","""heat stress""","""Heat_It_And_Weep"""
"""endoplasmic reticulum""","""HAS_PART""","""unfolded protein response""","""Heat_It_And_Weep"""
"""unfolded protein response""","""PART_OF""","""endoplasmic reticulum""","""Heat_It_And_Weep"""
"""alternative RNA splicing""","""HAS_EFFECT""","""thermotolerance""","""Heat_It_And_Weep"""
"""heat shock""","""SUBCLASS_OF""","""heat stress""","""Heat_It_And_Weep"""
"""thermotolerance""","""INSTANCE_OF""","""traits""","""Heat_It_And_Weep"""
"""Maize""","""INSTANCE_OF""","""cash crop""","""Heat_It_And_Weep"""
"""ZmHsf""","""PART_OF""","""genome""","""Heat_It_And_Weep"""
"""sub-classes""","""PART_OF""","""Phylogenetic analysis""","""Heat_It_And_Weep"""
"""protein motif""","""PART_OF""","""Gene structure""","""Heat_It_And_Weep"""
"""nucleus""","""SUBCLASS_OF""","""localized""","""Heat_It_And_Weep"""
"""ZmHSFA-1a""","""INSTANCE_OF""","""Hsf""","""Heat_It_And_Weep"""
"""ZmHSFA-2a""","""INSTANCE_OF""","""Hsf""","""Heat_It_And_Weep"""
"""salinity""","""FACET_OF""","""abiotic stress""","""Heat_It_And_Weep"""
"""protein–protein interaction analysis""","""SUBCLASS_OF""","""Gene ontology""","""Heat_It_And_Weep"""
"""ZmHsf""","""FACET_OF""","""Maize""","""Heat_It_And_Weep"""
"""colorectal cancer""","""INSTANCE_OF""",null,null
"""hereditary factors""","""INSTANCE_OF""",null,null
"""antitumor""","""INSTANCE_OF""",null,null
"""antitumor""","""INSTANCE_OF""",null,null
"""molecular diagnostic test""","""INSTANCE_OF""",null,null
"""molecular diagnostic test""","""INSTANCE_OF""",null,null
"""inherited cancer syndromes""","""INSTANCE_OF""",null,null
"""inherited cancer syndromes""","""INSTANCE_OF""",null,null
"""inherited mutations""","""INSTANCE_OF""",null,null
"""Lynch syndrome""","""INSTANCE_OF""",null,null
"""urothelial""","""INSTANCE_OF""",null,null
"""renal pelvis""","""INSTANCE_OF""",null,null
"""renal pelvis""","""INSTANCE_OF""",null,null
"""DNA replication""","""INSTANCE_OF""",null,null
"""Mismatch repair genes""","""INSTANCE_OF""",null,null
"""mismatch repair protein""","""INSTANCE_OF""",null,null
"""MLH1""","""INSTANCE_OF""",null,null
"""MSH2""","""INSTANCE_OF""",null,null
"""MSH6""","""INSTANCE_OF""",null,null
"""PMS2""","""INSTANCE_OF""",null,null
"""sibling""","""INSTANCE_OF""",null,null
"""endometrial cancer""","""INSTANCE_OF""",null,null
"""chromosome 2""","""INSTANCE_OF""",null,null
"""16""","""INSTANCE_OF""",null,null
"""16""","""INSTANCE_OF""",null,null
"""16""","""INSTANCE_OF""",null,null
"""16""","""INSTANCE_OF""",null,null
"""16""","""INSTANCE_OF""",null,null
"""16""","""INSTANCE_OF""",null,null
"""mufS""","""INSTANCE_OF""",null,null
"""epigenetic""","""INSTANCE_OF""",null,null
"""methylation""","""INSTANCE_OF""",null,null
"""epigenetic alterations""","""INSTANCE_OF""",null,null
"""epigenetic alterations""","""INSTANCE_OF""",null,null
"""screening uptake""","""INSTANCE_OF""",null,null
"""biomarker panels""","""INSTANCE_OF""",null,null
"""control group""","""INSTANCE_OF""",null,null
"""control group""","""INSTANCE_OF""",null,null
"""nanobodies""","""INSTANCE_OF""",null,null
"""tumor suppressor""","""INSTANCE_OF""",null,null
"""stages I""","""INSTANCE_OF""",null,null
"""stages I""","""INSTANCE_OF""",null,null
"""III""","""INSTANCE_OF""",null,null
"""III""","""INSTANCE_OF""",null,null
"""III""","""INSTANCE_OF""",null,null
"""III""","""INSTANCE_OF""",null,null
"""III""","""INSTANCE_OF""",null,null
"""III""","""INSTANCE_OF""",null,null
"""III""","""INSTANCE_OF""",null,null
"""III""","""INSTANCE_OF""",null,null
"""III""","""INSTANCE_OF""",null,null
"""III""","""INSTANCE_OF""",null,null
"""III""","""INSTANCE_OF""",null,null
"""III""","""INSTANCE_OF""",null,null
"""III""","""INSTANCE_OF""",null,null
"""III""","""INSTANCE_OF""",null,null
"""III""","""INSTANCE_OF""",null,null
"""colon cancer screening""","""INSTANCE_OF""",null,null
"""colon cancer screening""","""INSTANCE_OF""",null,null
"""adenoma""","""INSTANCE_OF""",null,null
"""average-risk""","""INSTANCE_OF""",null,null
"""average-risk""","""INSTANCE_OF""",null,null
"""staging""","""INSTANCE_OF""",null,null
"""screening strategies""","""INSTANCE_OF""",null,null
"""screening""","""INSTANCE_OF""",null,null
"""screening""","""INSTANCE_OF""",null,null
"""screening""","""INSTANCE_OF""",null,null
"""screening""","""INSTANCE_OF""",null,null
"""red""","""INSTANCE_OF""",null,null
"""red""","""INSTANCE_OF""",null,null
"""tobacco""","""INSTANCE_OF""",null,null
"""tobacco""","""INSTANCE_OF""",null,null
"""dietary risk factors""","""INSTANCE_OF""",null,null
"""Global Burden of Disease""","""INSTANCE_OF""",null,null
"""low whole grain intake""","""INSTANCE_OF""",null,null
"""milk""","""INSTANCE_OF""",null,null
"""East Asia""","""INSTANCE_OF""",null,null
"""sigmoidoscopy""","""INSTANCE_OF""",null,null
"""adherence""","""INSTANCE_OF""",null,null
"""adherence""","""INSTANCE_OF""",null,null
"""colorectal neoplasm""","""INSTANCE_OF""",null,null
"""celiac disease""","""INSTANCE_OF""",null,null
"""celiac disease""","""INSTANCE_OF""",null,null
"""African Americans""","""INSTANCE_OF""",null,null
"""African Americans""","""INSTANCE_OF""",null,null
"""population-based review""","""INSTANCE_OF""",null,null
"""anti-EGFR""","""INSTANCE_OF""",null,null
"""anti-angiogenesis""","""INSTANCE_OF""",null,null
"""agents""","""INSTANCE_OF""",null,null
"""cancer""","""INSTANCE_OF""",null,null
"""nucleotide bases""","""INSTANCE_OF""",null,null
"""child""","""INSTANCE_OF""",null,null
"""child""","""INSTANCE_OF""",null,null
"""locus""","""INSTANCE_OF""",null,null
"""mismatch repair gene""","""INSTANCE_OF""",null,null
"""somatic""","""INSTANCE_OF""",null,null
"""genetic""","""INSTANCE_OF""",null,null
"""genetic""","""INSTANCE_OF""",null,null
"""genetic""","""INSTANCE_OF""",null,null
"""genome""","""INSTANCE_OF""",null,null
"""markers""","""INSTANCE_OF""",null,null
"""obesity""","""INSTANCE_OF""",null,null
"""obesity""","""INSTANCE_OF""",null,null
"""obesity""","""INSTANCE_OF""",null,null
"""association""","""INSTANCE_OF""",null,null
"""preventing colorectal cancer""","""INSTANCE_OF""",null,null
"""antibody""","""INSTANCE_OF""",null,null
"""hour""","""INSTANCE_OF""",null,null
"""hour""","""INSTANCE_OF""",null,null
"""hour""","""INSTANCE_OF""",null,null
"""cancer death""","""INSTANCE_OF""",null,null
"""surgery""","""INSTANCE_OF""",null,null
"""surgery""","""INSTANCE_OF""",null,null
"""2019""","""INSTANCE_OF""",null,null
"""2019""","""INSTANCE_OF""",null,null
"""calcium""","""INSTANCE_OF""",null,null
"""calcium""","""INSTANCE_OF""",null,null
"""mortality reduction""","""INSTANCE_OF""",null,null
"""RNA""","""INSTANCE_OF""",null,null
"""stools""","""INSTANCE_OF""",null,null
"""CRC""","""INSTANCE_OF""",null,null
"""CRC""","""INSTANCE_OF""",null,null
"""CRC""","""INSTANCE_OF""",null,null
"""healthcare systems""","""INSTANCE_OF""",null,null
"""males""","""INSTANCE_OF""",null,null
"""malignancy""","""INSTANCE_OF""",null,null
"""Rheumatoid arthritis""","""INSTANCE_OF""",null,null
"""Rheumatoid arthritis""","""INSTANCE_OF""",null,null
"""Rheumatoid arthritis""","""INSTANCE_OF""",null,null
"""gut""","""INSTANCE_OF""",null,null
"""gut""","""INSTANCE_OF""",null,null
"""microbial composition""","""INSTANCE_OF""",null,null
"""Th1""","""INSTANCE_OF""",null,null
"""Th17""","""INSTANCE_OF""",null,null
"""regulatory T cell""","""INSTANCE_OF""",null,null
"""autoimmune disorder""","""INSTANCE_OF""",null,null
"""autoimmune diseases""","""INSTANCE_OF""",null,null
"""rituximab""","""INSTANCE_OF""",null,null
"""autoantibody-associated disorders""","""INSTANCE_OF""",null,null
"""autoantibody-associated disorders""","""INSTANCE_OF""",null,null
"""B-cell targeting""","""INSTANCE_OF""",null,null
"""B-cell targeting""","""INSTANCE_OF""",null,null
"""B-cell-targeted therapy""","""INSTANCE_OF""",null,null
"""inflammatory mediators""","""INSTANCE_OF""",null,null
"""cardiovascular risk factors""","""INSTANCE_OF""",null,null
"""cardiovascular risk reduction""","""INSTANCE_OF""",null,null
"""Methotrexate""","""INSTANCE_OF""",null,null
"""Adenosine signaling""","""INSTANCE_OF""",null,null
"""Adenosine signaling""","""INSTANCE_OF""",null,null
"""Osteoarthritis""","""INSTANCE_OF""",null,null
"""Osteoarthritis""","""INSTANCE_OF""",null,null
"""Osteoarthritis""","""INSTANCE_OF""",null,null
"""oligonucleotide""","""INSTANCE_OF""",null,null
"""in vivo""","""INSTANCE_OF""",null,null
"""Vitamin D""","""INSTANCE_OF""",null,null
"""1,25-dihydroxyvitamin D3""","""INSTANCE_OF""",null,null
"""bone""","""INSTANCE_OF""",null,null
"""bone""","""INSTANCE_OF""",null,null
"""autoimmune disorders""","""INSTANCE_OF""",null,null
"""Leflunomide""","""INSTANCE_OF""",null,null
"""in vitro""","""INSTANCE_OF""",null,null
"""immunomodulatory""","""INSTANCE_OF""",null,null
"""controlled""","""INSTANCE_OF""",null,null
"""double-blind""","""INSTANCE_OF""",null,null
"""evidence""","""INSTANCE_OF""",null,null
"""evidence""","""INSTANCE_OF""",null,null
"""omega-3 fatty acid""","""INSTANCE_OF""",null,null
"""hypothetical pathway""","""INSTANCE_OF""",null,null
"""RA""","""INSTANCE_OF""",null,null
"""TNFalpha blocking""","""INSTANCE_OF""",null,null
"""TNFalpha""","""INSTANCE_OF""",null,null
"""chronic inflammation""","""INSTANCE_OF""",null,null
"""TNFalpha blockade""","""INSTANCE_OF""",null,null
"""TNFalpha blockade""","""INSTANCE_OF""",null,null
"""inflammation""","""INSTANCE_OF""",null,null
"""symptoms""","""INSTANCE_OF""",null,null
"""B cell""","""INSTANCE_OF""",null,null
"""effector T cell""","""INSTANCE_OF""",null,null
"""immunological tolerance""","""INSTANCE_OF""",null,null
"""post-translational modifications""","""INSTANCE_OF""",null,null
"""inflammatory joint diseases""","""INSTANCE_OF""",null,null
"""inflammatory joint diseases""","""INSTANCE_OF""",null,null
"""potential""","""INSTANCE_OF""",null,null
"""potential""","""INSTANCE_OF""",null,null
"""Preclinical""","""INSTANCE_OF""",null,null
"""joint disorders""","""INSTANCE_OF""",null,null
"""potent""","""INSTANCE_OF""",null,null
"""antigen""","""INSTANCE_OF""",null,null
"""biologics""","""INSTANCE_OF""",null,null
"""biologics""","""INSTANCE_OF""",null,null
"""biologics""","""INSTANCE_OF""",null,null
"""biologics""","""INSTANCE_OF""",null,null
"""rheumatoid blood""","""INSTANCE_OF""",null,null
"""protein""","""INSTANCE_OF""",null,null
"""protein""","""INSTANCE_OF""",null,null
"""synovial tissue""","""INSTANCE_OF""",null,null
"""rheumatoid destruction""","""INSTANCE_OF""",null,null
"""K-Ras mutation""","""INSTANCE_OF""",null,null
"""immune checkpoint inhibition""","""INSTANCE_OF""",null,null
"""checkpoint""","""INSTANCE_OF""",null,null
"""K-Ras""","""INSTANCE_OF""",null,null
"""KRAS""","""INSTANCE_OF""",null,null
"""KRAS""","""INSTANCE_OF""",null,null
"""KRASG12C""","""INSTANCE_OF""",null,null
"""pancreatic cancer""","""INSTANCE_OF""",null,null
"""oncogenic""","""INSTANCE_OF""",null,null
"""oncogenic""","""INSTANCE_OF""",null,null
"""AMG510""","""INSTANCE_OF""",null,null
"""lung""","""INSTANCE_OF""",null,null
"""lung""","""INSTANCE_OF""",null,null
"""allele frequencies""","""INSTANCE_OF""",null,null
"""Pancreatic ductal adenocarcinoma""","""INSTANCE_OF""",null,null
"""epigenomic""","""INSTANCE_OF""",null,null
"""epigenomic""","""INSTANCE_OF""",null,null
"""epigenomic""","""INSTANCE_OF""",null,null
"""CDKN2A""","""INSTANCE_OF""",null,null
"""TP53""","""INSTANCE_OF""",null,null
"""SMAD4""","""INSTANCE_OF""",null,null
"""genomic screening""","""INSTANCE_OF""",null,null
"""adagrasib""","""INSTANCE_OF""",null,null
"""KRAS inhibitor""","""INSTANCE_OF""",null,null
"""combination therapies""","""INSTANCE_OF""",null,null
"""autophagy""","""INSTANCE_OF""",null,null
"""autophagy""","""INSTANCE_OF""",null,null
"""G12V""","""INSTANCE_OF""",null,null
"""CDK4/6 inhibitors""","""INSTANCE_OF""",null,null
"""CDK4/6 inhibitor""","""INSTANCE_OF""",null,null
"""nab-paclitaxel""","""INSTANCE_OF""",null,null
"""nab-paclitaxel""","""INSTANCE_OF""",null,null
"""Abraxane""","""INSTANCE_OF""",null,null
"""Abraxane""","""INSTANCE_OF""",null,null
"""KRAS signaling pathway""","""INSTANCE_OF""",null,null
"""Casein kinase II""","""INSTANCE_OF""",null,null
"""Casein kinase II""","""INSTANCE_OF""",null,null
"""Casein kinase II""","""INSTANCE_OF""",null,null
"""cyclin-dependent kinase""","""INSTANCE_OF""",null,null
"""PDAC""","""INSTANCE_OF""",null,null
"""gene variants""","""INSTANCE_OF""",null,null
"""dietary habits""","""INSTANCE_OF""",null,null
"""BRCA2""","""INSTANCE_OF""",null,null
"""Genetic alterations""","""INSTANCE_OF""",null,null
"""immune system""","""INSTANCE_OF""",null,null
"""immune""","""INSTANCE_OF""",null,null
"""AMG""","""INSTANCE_OF""",null,null
"""AMG""","""INSTANCE_OF""",null,null
"""G12C""","""INSTANCE_OF""",null,null
"""biological selection""","""INSTANCE_OF""",null,null
"""digital droplet PCR""","""INSTANCE_OF""",null,null
"""Genomic""","""INSTANCE_OF""",null,null
"""Genomic""","""INSTANCE_OF""",null,null
"""inhibitors""","""INSTANCE_OF""",null,null
"""long-term clinical responses""","""INSTANCE_OF""",null,null
"""metabolism""","""INSTANCE_OF""",null,null
"""resistance mechanisms""","""INSTANCE_OF""",null,null
"""resistance mechanisms""","""INSTANCE_OF""",null,null
"""suppression""","""INSTANCE_OF""",null,null
"""paclitaxel""","""INSTANCE_OF""",null,null
"""downregulation""","""INSTANCE_OF""",null,null
"""gene expression""","""INSTANCE_OF""",null,null
"""diagnosis""","""INSTANCE_OF""",null,null
"""diagnosis""","""INSTANCE_OF""",null,null
"""lifestyle factors""","""INSTANCE_OF""",null,null
"""germline mutations""","""INSTANCE_OF""",null,null
"""cancer diagnosis""","""INSTANCE_OF""",null,null
"""non-small cell lung cancer""","""INSTANCE_OF""",null,null
"""KRASG12C inhibitor""","""INSTANCE_OF""",null,null
"""KRASG12C inhibitor""","""INSTANCE_OF""",null,null
"""Turner syndrome""","""INSTANCE_OF""",null,null
"""pubertal age""","""INSTANCE_OF""",null,null
"""puberty""","""INSTANCE_OF""",null,null
"""puberty""","""INSTANCE_OF""",null,null
"""Growth hormone""","""INSTANCE_OF""",null,null
"""GH therapy""","""INSTANCE_OF""",null,null
"""estrogen replacement treatment""","""INSTANCE_OF""",null,null
"""induction of puberty""","""INSTANCE_OF""",null,null
"""pubertal growth""","""INSTANCE_OF""",null,null
"""Morbidity""","""INSTANCE_OF""",null,null
"""Morbidity""","""INSTANCE_OF""",null,null
"""Morbidity""","""INSTANCE_OF""",null,null
"""mortality""","""INSTANCE_OF""",null,null
"""mortality""","""INSTANCE_OF""",null,null
"""growth hormone therapy""","""INSTANCE_OF""",null,null
"""growth hormone therapy""","""INSTANCE_OF""",null,null
"""ovarian tissue cryopreservation""","""INSTANCE_OF""",null,null
"""premature ovarian insufficiency""","""INSTANCE_OF""",null,null
"""premature ovarian insufficiency""","""INSTANCE_OF""",null,null
"""spontaneously""","""INSTANCE_OF""",null,null
"""miscarriage""","""INSTANCE_OF""",null,null
"""miscarriage""","""INSTANCE_OF""",null,null
"""general population""","""INSTANCE_OF""",null,null
"""follicles""","""INSTANCE_OF""",null,null
"""folliculogenesis""","""INSTANCE_OF""",null,null
"""pregnancy""","""INSTANCE_OF""",null,null
"""live birth""","""INSTANCE_OF""",null,null
"""second pregnancy""","""INSTANCE_OF""",null,null
"""expected""","""INSTANCE_OF""",null,null
"""reproductive timing""","""INSTANCE_OF""",null,null
"""infertility""","""INSTANCE_OF""",null,null
"""infertility""","""INSTANCE_OF""",null,null
"""postpubertal""","""INSTANCE_OF""",null,null
"""mosaic Turner syndrome""","""INSTANCE_OF""",null,null
"""mosaic Turner syndrome""","""INSTANCE_OF""",null,null
"""literature review""","""INSTANCE_OF""",null,null
"""genetic defect""","""INSTANCE_OF""",null,null
"""genetic defect""","""INSTANCE_OF""",null,null
"""genetic defect""","""INSTANCE_OF""",null,null
"""genetic defect""","""INSTANCE_OF""",null,null
"""X monosomy""","""INSTANCE_OF""",null,null
"""spontaneous puberty""","""INSTANCE_OF""",null,null
"""arrested puberty""","""INSTANCE_OF""",null,null
"""pubertal presentation""","""INSTANCE_OF""",null,null
"""pubertal induction""","""INSTANCE_OF""",null,null
"""OTC""","""INSTANCE_OF""",null,null
"""OTC""","""INSTANCE_OF""",null,null
"""oocyte donation""","""INSTANCE_OF""",null,null
"""oocyte donation""","""INSTANCE_OF""",null,null
"""Maternal mortality""","""INSTANCE_OF""",null,null
"""cardiovascular anomalies""","""INSTANCE_OF""",null,null
"""blood pressure""","""INSTANCE_OF""",null,null
"""aspirin""","""INSTANCE_OF""",null,null
"""hypertension""","""INSTANCE_OF""",null,null
"""hypertension""","""INSTANCE_OF""",null,null
"""pre-eclampsia""","""INSTANCE_OF""",null,null
"""pre-eclampsia""","""INSTANCE_OF""",null,null
"""pre-eclampsia""","""INSTANCE_OF""",null,null
"""cardiologists""","""INSTANCE_OF""",null,null
"""rupture""","""INSTANCE_OF""",null,null
"""maternal mortality rate""","""INSTANCE_OF""",null,null
"""consensus opinions""","""INSTANCE_OF""",null,null
"""absolute contraindications""","""INSTANCE_OF""",null,null
"""significant""","""INSTANCE_OF""",null,null
"""coarctation of the aorta""","""INSTANCE_OF""",null,null
"""coarctation of the aorta""","""INSTANCE_OF""",null,null
"""obstetrician""","""INSTANCE_OF""",null,null
"""patient care""","""INSTANCE_OF""",null,null
"""gonadal dysgenesis""","""INSTANCE_OF""",null,null
"""sex hormone replacement therapy""","""INSTANCE_OF""",null,null
"""sex hormone replacement therapy""","""INSTANCE_OF""",null,null
"""HRT""","""INSTANCE_OF""",null,null
"""estrogen receptor""","""INSTANCE_OF""",null,null
"""chromosomal disorder""","""INSTANCE_OF""",null,null
"""chromosomal disorder""","""INSTANCE_OF""",null,null
"""growth pattern""","""INSTANCE_OF""",null,null
"""growth velocity""","""INSTANCE_OF""",null,null
"""TS""","""INSTANCE_OF""",null,null
"""TS""","""INSTANCE_OF""",null,null
"""rare condition""","""INSTANCE_OF""",null,null
"""rare condition""","""INSTANCE_OF""",null,null
"""endocrine disorders""","""INSTANCE_OF""",null,null
"""endocrine disorders""","""INSTANCE_OF""",null,null
"""hormone replacement therapy""","""INSTANCE_OF""",null,null
"""Natural conception""","""INSTANCE_OF""",null,null
"""ovarian cortex""","""INSTANCE_OF""",null,null
"""chromosome condition""","""INSTANCE_OF""",null,null
"""social context""","""INSTANCE_OF""",null,null
"""families""","""INSTANCE_OF""",null,null
"""estrogen""","""INSTANCE_OF""",null,null
"""ovarian failure""","""INSTANCE_OF""",null,null
"""ovarian""","""INSTANCE_OF""",null,null
"""reproductive capacity""","""INSTANCE_OF""",null,null
"""clinical ethics""","""INSTANCE_OF""",null,null
"""PGT""","""INSTANCE_OF""",null,null
"""embryo""","""INSTANCE_OF""",null,null
"""embryo""","""INSTANCE_OF""",null,null
"""embryo""","""INSTANCE_OF""",null,null
"""genetic analysis""","""INSTANCE_OF""",null,null
"""66""","""INSTANCE_OF""",null,null
"""66""","""INSTANCE_OF""",null,null
"""66""","""INSTANCE_OF""",null,null
"""66""","""INSTANCE_OF""",null,null
"""66""","""INSTANCE_OF""",null,null
"""66""","""INSTANCE_OF""",null,null
"""66""","""INSTANCE_OF""",null,null
"""66""","""INSTANCE_OF""",null,null
"""66""","""INSTANCE_OF""",null,null
"""66""","""INSTANCE_OF""",null,null
"""structural abnormalities""","""INSTANCE_OF""",null,null
"""assisted reproductive technologies""","""INSTANCE_OF""",null,null
"""biological parameters""","""INSTANCE_OF""",null,null
"""endocrinologists""","""INSTANCE_OF""",null,null
"""aortic dissection""","""INSTANCE_OF""",null,null
"""aortic dissection""","""INSTANCE_OF""",null,null
"""aortic dissection""","""INSTANCE_OF""",null,null
"""2%""","""INSTANCE_OF""",null,null
"""Aortic dilation""","""INSTANCE_OF""",null,null
"""health""","""INSTANCE_OF""",null,null
"""health""","""INSTANCE_OF""",null,null
"""health""","""INSTANCE_OF""",null,null
"""health""","""INSTANCE_OF""",null,null
"""health""","""INSTANCE_OF""",null,null
"""Obsessive-compulsive disorder""","""INSTANCE_OF""",null,null
"""exacerbations""","""INSTANCE_OF""",null,null
"""controls""","""INSTANCE_OF""",null,null
"""controls""","""INSTANCE_OF""",null,null
"""genome-wide association studies""","""INSTANCE_OF""",null,null
"""1p36""","""INSTANCE_OF""",null,null
"""1p36""","""INSTANCE_OF""",null,null
"""1p36""","""INSTANCE_OF""",null,null
"""polygenic""","""INSTANCE_OF""",null,null
"""FAIM2""","""INSTANCE_OF""",null,null
"""CDH9""","""INSTANCE_OF""",null,null
"""CDH10""","""INSTANCE_OF""",null,null
"""combined analyses""","""INSTANCE_OF""",null,null
"""polygenic risk score""","""INSTANCE_OF""",null,null
"""LD score regression""","""INSTANCE_OF""",null,null
"""chronic""","""INSTANCE_OF""",null,null
"""International Classification of Diseases""","""INSTANCE_OF""",null,null
"""International Classification of Diseases""","""INSTANCE_OF""",null,null
"""symptom dimensions""","""INSTANCE_OF""",null,null
"""brain circuits""","""INSTANCE_OF""",null,null
"""molecular""","""INSTANCE_OF""",null,null
"""translational neuroscience""","""INSTANCE_OF""",null,null
"""translational neuroscience""","""INSTANCE_OF""",null,null
"""translational neuroscience""","""INSTANCE_OF""",null,null
"""clinical outcomes""","""INSTANCE_OF""",null,null
"""clinical outcomes""","""INSTANCE_OF""",null,null
"""pathophysiology""","""INSTANCE_OF""",null,null
"""brain areas""","""INSTANCE_OF""",null,null
"""neuron""","""INSTANCE_OF""",null,null
"""neurochemical activity""","""INSTANCE_OF""",null,null
"""OCS""","""INSTANCE_OF""",null,null
"""disabling""","""INSTANCE_OF""",null,null
"""basal ganglia""","""INSTANCE_OF""",null,null
"""basal ganglia""","""INSTANCE_OF""",null,null
"""excitatory amino acid transporter""","""INSTANCE_OF""",null,null
"""excitatory amino acid transporter 1""","""INSTANCE_OF""",null,null
"""EAAT3""","""INSTANCE_OF""",null,null
"""striatum""","""INSTANCE_OF""",null,null
"""striatum""","""INSTANCE_OF""",null,null
"""schizophrenia""","""INSTANCE_OF""",null,null
"""schizophrenia""","""INSTANCE_OF""",null,null
"""Cytoscape""","""INSTANCE_OF""",null,null
"""CDH2""","""INSTANCE_OF""",null,null
"""Estrogen receptor α""","""INSTANCE_OF""",null,null
"""polygenic disorder""","""INSTANCE_OF""",null,null
"""twin analyses""","""INSTANCE_OF""",null,null
"""polygenic architecture""","""INSTANCE_OF""",null,null
"""PANDAS""","""INSTANCE_OF""",null,null
"""PANDAS""","""INSTANCE_OF""",null,null
"""autoantibodies""","""INSTANCE_OF""",null,null
"""BTBD3""","""INSTANCE_OF""",null,null
"""TNF-a""","""INSTANCE_OF""",null,null
"""solute carrier family 1, member 1""","""INSTANCE_OF""",null,null
"""heredity""","""INSTANCE_OF""",null,null
"""adolescent""","""INSTANCE_OF""",null,null
"""adolescent""","""INSTANCE_OF""",null,null
"""adolescent""","""INSTANCE_OF""",null,null
"""heritability""","""INSTANCE_OF""",null,null
"""whole-genome studies""","""INSTANCE_OF""",null,null
"""chromosomal region""","""INSTANCE_OF""",null,null
"""United States""","""INSTANCE_OF""",null,null
"""United States""","""INSTANCE_OF""",null,null
"""United States""","""INSTANCE_OF""",null,null
"""United States""","""INSTANCE_OF""",null,null
"""United States""","""INSTANCE_OF""",null,null
"""United States""","""INSTANCE_OF""",null,null
"""obsessive compulsive symptoms""","""INSTANCE_OF""",null,null
"""regions of interest""","""INSTANCE_OF""",null,null
"""genotypes""","""INSTANCE_OF""",null,null
"""condition""","""INSTANCE_OF""",null,null
"""psychotherapy""","""INSTANCE_OF""",null,null
"""cellular""","""INSTANCE_OF""",null,null
"""neurobiology""","""INSTANCE_OF""",null,null
"""neurobiology""","""INSTANCE_OF""",null,null
"""serotonergic system""","""INSTANCE_OF""",null,null
"""locomotor activity""","""INSTANCE_OF""",null,null
"""pharmacologic model""","""INSTANCE_OF""",null,null
"""pharmacologic model""","""INSTANCE_OF""",null,null
"""dopamine D1 receptor""","""INSTANCE_OF""",null,null
"""dopamine""","""INSTANCE_OF""",null,null
"""midbrain""","""INSTANCE_OF""",null,null
"""midbrain""","""INSTANCE_OF""",null,null
"""midbrain""","""INSTANCE_OF""",null,null
"""psychiatric disorders""","""INSTANCE_OF""",null,null
"""Genome-wide studies""","""INSTANCE_OF""",null,null
"""epigenetic markers""","""INSTANCE_OF""",null,null
"""very high temperatures""","""INSTANCE_OF""",null,null
"""Global warming""","""INSTANCE_OF""",null,null
"""Global warming""","""INSTANCE_OF""",null,null
"""Global warming""","""INSTANCE_OF""",null,null
"""biochemistry""","""INSTANCE_OF""",null,null
"""biochemistry""","""INSTANCE_OF""",null,null
"""biochemistry""","""INSTANCE_OF""",null,null
"""biochemistry""","""INSTANCE_OF""",null,null
"""heat stress tolerance""","""INSTANCE_OF""",null,null
"""tolerant""","""INSTANCE_OF""",null,null
"""heat stress""","""INSTANCE_OF""",null,null
"""temperature fluctuations""","""INSTANCE_OF""",null,null
"""fertilization""","""INSTANCE_OF""",null,null
"""proteomic""","""INSTANCE_OF""",null,null
"""proteomic""","""INSTANCE_OF""",null,null
"""Col""","""INSTANCE_OF""",null,null
"""Col""","""INSTANCE_OF""",null,null
"""Col""","""INSTANCE_OF""",null,null
"""Col""","""INSTANCE_OF""",null,null
"""Col""","""INSTANCE_OF""",null,null
"""Hi-0""","""INSTANCE_OF""",null,null
"""pollen tube""","""INSTANCE_OF""",null,null
"""temperature tolerance""","""INSTANCE_OF""",null,null
"""Hsf""","""INSTANCE_OF""",null,null
"""Maize""","""INSTANCE_OF""",null,null
"""Maize""","""INSTANCE_OF""",null,null
"""Maize""","""INSTANCE_OF""",null,null
"""Maize""","""INSTANCE_OF""",null,null
"""Maize""","""INSTANCE_OF""",null,null
"""subclasses""","""INSTANCE_OF""",null,null
"""ZmHsf""","""INSTANCE_OF""",null,null
"""wheat""","""INSTANCE_OF""",null,null
"""wheat""","""INSTANCE_OF""",null,null
"""wheat""","""INSTANCE_OF""",null,null
"""dark""","""INSTANCE_OF""",null,null
"""shoot""","""INSTANCE_OF""",null,null
"""sink""","""INSTANCE_OF""",null,null
"""source""","""INSTANCE_OF""",null,null
"""Magnesium deficiency""","""INSTANCE_OF""",null,null
"""ascorbate peroxidase""","""INSTANCE_OF""",null,null
"""reactive oxygen species""","""INSTANCE_OF""",null,null
"""reactive oxygen species""","""INSTANCE_OF""",null,null
"""stress""","""INSTANCE_OF""",null,null
"""recovery from stress""","""INSTANCE_OF""",null,null
"""drought""","""INSTANCE_OF""",null,null
"""starch synthesis""","""INSTANCE_OF""",null,null
"""chloroplast""","""INSTANCE_OF""",null,null
"""PGD1""","""INSTANCE_OF""",null,null
"""PGD2""","""INSTANCE_OF""",null,null
"""PGD3""","""INSTANCE_OF""",null,null
"""maize kernel""","""INSTANCE_OF""",null,null
"""Net photosynthesis""","""INSTANCE_OF""",null,null
"""leaf temperature""","""INSTANCE_OF""",null,null
"""fluorescence quenching""","""INSTANCE_OF""",null,null
"""fluorescence quenching""","""INSTANCE_OF""",null,null
"""photosystem II""","""INSTANCE_OF""",null,null
"""photosystem II""","""INSTANCE_OF""",null,null
"""3-phosphoglyceric acid""","""INSTANCE_OF""",null,null
"""3-phosphoglyceric acid""","""INSTANCE_OF""",null,null
"""ribulose-1,5-bisphosphate""","""INSTANCE_OF""",null,null
"""activase""","""INSTANCE_OF""",null,null
"""Rubisco activation""","""INSTANCE_OF""",null,null
"""Pn""","""INSTANCE_OF""",null,null
"""Pn""","""INSTANCE_OF""",null,null
"""Pn""","""INSTANCE_OF""",null,null
"""DnaK""","""INSTANCE_OF""",null,null
"""GroEL""","""INSTANCE_OF""",null,null
"""HSP70""","""INSTANCE_OF""",null,null
"""HSP22""","""INSTANCE_OF""",null,null
"""plant small heat-shock protein""","""INSTANCE_OF""",null,null
"""plant small heat-shock protein""","""INSTANCE_OF""",null,null
"""Zea mays L""","""INSTANCE_OF""",null,null
"""A619""","""INSTANCE_OF""",null,null
"""W64A""","""INSTANCE_OF""",null,null
"""cell division""","""INSTANCE_OF""",null,null
"""control""","""INSTANCE_OF""",null,null
"""control""","""INSTANCE_OF""",null,null
"""zeatin""","""INSTANCE_OF""",null,null
"""kernels""","""INSTANCE_OF""",null,null
"""zeatin riboside""","""INSTANCE_OF""",null,null
"""kernel abortion""","""INSTANCE_OF""",null,null
"""plant growth and development""","""INSTANCE_OF""",null,null
"""heat wave""","""INSTANCE_OF""",null,null
"""stress resistance""","""INSTANCE_OF""",null,null
"""plant""","""INSTANCE_OF""",null,null
"""biological processes""","""INSTANCE_OF""",null,null
"""biological processes""","""INSTANCE_OF""",null,null
"""transcription factor""","""INSTANCE_OF""",null,null
"""transcription factor families""","""INSTANCE_OF""",null,null
"""regulatory mechanisms""","""INSTANCE_OF""",null,null
"""regulatory mechanisms""","""INSTANCE_OF""",null,null
"""eukaryote""","""INSTANCE_OF""",null,null
"""Hsfs""","""INSTANCE_OF""",null,null
"""Hsfs""","""INSTANCE_OF""",null,null
"""proline""","""INSTANCE_OF""",null,null
"""GR""","""INSTANCE_OF""",null,null
"""GR""","""INSTANCE_OF""",null,null
"""growth""","""INSTANCE_OF""",null,null
"""temperature window""","""INSTANCE_OF""",null,null
"""endoplasmic reticulum""","""INSTANCE_OF""",null,null
"""unfolded protein response""","""INSTANCE_OF""",null,null
"""alternative RNA splicing""","""INSTANCE_OF""",null,null
"""alternative RNA splicing""","""INSTANCE_OF""",null,null
"""heat shock""","""INSTANCE_OF""",null,null
"""heat shock""","""INSTANCE_OF""",null,null
"""protein motif""","""INSTANCE_OF""",null,null
"""nucleus""","""INSTANCE_OF""",null,null
"""salinity""","""INSTANCE_OF""",null,null
"""climatological extremes""","""INSTANCE_OF""",null,null
"""global climate change""","""INSTANCE_OF""",null,null
"""physiology""","""INSTANCE_OF""",null,null
"""physiology""","""INSTANCE_OF""",null,null
"""physiology""","""INSTANCE_OF""",null,null
"""physiology""","""INSTANCE_OF""",null,null
"""crop improvement""","""INSTANCE_OF""",null,null
"""temperature""","""INSTANCE_OF""",null,null
"""Arabidopsis thaliana""","""INSTANCE_OF""",null,null
"""Arabidopsis thaliana""","""INSTANCE_OF""",null,null
"""seed set""","""INSTANCE_OF""",null,null
"""Arabidopsis""","""INSTANCE_OF""",null,null
"""genetic traits""","""INSTANCE_OF""",null,null
"""transcriptionally regulated""","""INSTANCE_OF""",null,null
"""cereal""","""INSTANCE_OF""",null,null
"""Chromosomal""","""INSTANCE_OF""",null,null
"""Chromosomal""","""INSTANCE_OF""",null,null
"""phylogenetic comparisons""","""INSTANCE_OF""",null,null
"""classes""","""INSTANCE_OF""",null,null
"""classes""","""INSTANCE_OF""",null,null
"""environmental stress factors""","""INSTANCE_OF""",null,null
"""magnesium""","""INSTANCE_OF""",null,null
"""Mg""","""INSTANCE_OF""",null,null
"""Mg""","""INSTANCE_OF""",null,null
"""Mg""","""INSTANCE_OF""",null,null
"""leaves""","""INSTANCE_OF""",null,null
"""root growth""","""INSTANCE_OF""",null,null
"""glutathione reductase""","""INSTANCE_OF""",null,null
"""oxidative cellular damage""","""INSTANCE_OF""",null,null
"""transgenic""","""INSTANCE_OF""",null,null
"""transgenic maize""","""INSTANCE_OF""",null,null
"""heat""","""INSTANCE_OF""",null,null
"""enrichment analysis""","""INSTANCE_OF""",null,null
"""isozymes""","""INSTANCE_OF""",null,null
"""amyloplast""","""INSTANCE_OF""",null,null
"""amyloplast""","""INSTANCE_OF""",null,null
"""fusion protein""","""INSTANCE_OF""",null,null
"""inhibition""","""INSTANCE_OF""",null,null
"""Nonphotochemical""","""INSTANCE_OF""",null,null
"""polypeptide""","""INSTANCE_OF""",null,null
"""molecular chaperones""","""INSTANCE_OF""",null,null
"""mitochondrial""","""INSTANCE_OF""",null,null
"""superfamily""","""INSTANCE_OF""",null,null
"""superfamily""","""INSTANCE_OF""",null,null
"""superfamily""","""INSTANCE_OF""",null,null
"""benzyladenine""","""INSTANCE_OF""",null,null
"""trait""","""INSTANCE_OF""",null,null
"""trait""","""INSTANCE_OF""",null,null
"""trait""","""INSTANCE_OF""",null,null
"""signaling pathways""","""INSTANCE_OF""",null,null
"""H2O2""","""INSTANCE_OF""",null,null
"""agricultural losses""","""INSTANCE_OF""",null,null
"""Phylogenetic analysis""","""INSTANCE_OF""",null,null
"""Phylogenetic analysis""","""INSTANCE_OF""",null,null
"""Gene structure""","""INSTANCE_OF""",null,null
"""localized""","""INSTANCE_OF""",null,null
"""localized""","""INSTANCE_OF""",null,null
"""abiotic stress""","""INSTANCE_OF""",null,null
"""Gene ontology""","""INSTANCE_OF""",null,null
"""Huntington’s disease""","""SUBCLASS_OF""","""neurodegenerative disease""","""Mind_Over_Matter"""
"""chorea""","""SUBCLASS_OF""","""symptom""","""Mind_Over_Matter"""
"""non-drug treatments""","""SUBCLASS_OF""","""medications""","""Mind_Over_Matter"""
"""chorea medication""","""SUBCLASS_OF""","""Therapies for HD""","""Mind_Over_Matter"""
"""antipsychotic medication""","""SUBCLASS_OF""","""Therapies for HD""","""Mind_Over_Matter"""
"""antidepressant""","""SUBCLASS_OF""","""Therapies for HD""","""Mind_Over_Matter"""
"""mutant huntingtin""","""SUBCLASS_OF""","""Huntington’s disease""","""Mind_Over_Matter"""
"""non-RNA targeting small molecule therapies""","""SUBCLASS_OF""","""RNA targeting small molecule therapies""","""Mind_Over_Matter"""
"""Preclinical""","""SUBCLASS_OF""","""therapies""","""Mind_Over_Matter"""
"""clinical trial""","""SUBCLASS_OF""","""therapeutics""","""Mind_Over_Matter"""
"""chorea""","""FACET_OF""","""Huntington’s disease""","""Mind_Over_Matter"""
"""genetic test""","""USE""","""diagnosis""","""Mind_Over_Matter"""
"""dopamine""","""INSTANCE_OF""","""neurotransmitter""","""Mind_Over_Matter"""
"""glutamate""","""INSTANCE_OF""","""neurotransmitter""","""Mind_Over_Matter"""
"""3-aminobutyric acid""","""INSTANCE_OF""","""neurotransmitter""","""Mind_Over_Matter"""
"""motor""","""PART_OF""","""Huntington’s disease""","""Mind_Over_Matter"""
"""Huntington’s disease""","""HAS_PART""","""motor""","""Mind_Over_Matter"""
"""Tetrabenazine""","""SUBJECT_HAS_ROLE""","""dopamine-depleting agent""","""Mind_Over_Matter"""
"""olanzapine""","""SUBJECT_HAS_ROLE""","""neuroleptic""","""Mind_Over_Matter"""
"""aripiprazole""","""SUBJECT_HAS_ROLE""","""neuroleptic""","""Mind_Over_Matter"""
"""symptomatic therapies""","""SUBCLASS_OF""","""education""","""Mind_Over_Matter"""
"""clinicians""","""FIELD_OF_THIS_OCCUPATION""","""patients""","""Mind_Over_Matter"""
"""patients""","""PRACTICED_BY""","""clinicians""","""Mind_Over_Matter"""
"""Huntington’s disease""","""SUBCLASS_OF""","""neurodegenerative disorder""","""Mind_Over_Matter"""
"""motor disturbances""","""SUBCLASS_OF""","""cognitive deficits""","""Mind_Over_Matter"""
"""multiple mechanisms contribute to neurodegeneration in HD""","""FACET_OF""","""neurodegeneration in HD""","""Mind_Over_Matter"""
"""Preclinical""","""FOLLOWED_BY""","""clinical studies""","""Mind_Over_Matter"""
"""Huntington’s disease""","""INSTANCE_OF""","""quality of life""","""Mind_Over_Matter"""
"""Preclinical""","""SUBCLASS_OF""","""clinical trial""","""Mind_Over_Matter"""
"""epigenetic""","""SUBCLASS_OF""","""genetic factors""","""Mind_Over_Matter"""
"""complex symptoms""","""FACET_OF""","""Huntington’s disease""","""Mind_Over_Matter"""
"""nonpharmacologic""","""DIFFERENT_FROM""","""pharmacologic""","""Mind_Over_Matter"""
"""pharmacologic""","""DIFFERENT_FROM""","""nonpharmacologic""","""Mind_Over_Matter"""
"""antidepressant""","""MEDICAL_CONDITION_TREATED""","""mood disorders""","""Mind_Over_Matter"""
"""mood disorders""","""DRUG_USED_FOR_TREATMENT""","""antidepressant""","""Mind_Over_Matter"""
"""symptoms""","""HAS_CAUSE""","""disease progression""","""Mind_Over_Matter"""
"""disease progression""","""HAS_EFFECT""","""symptoms""","""Mind_Over_Matter"""
"""suboptimal agents""","""SUBCLASS_OF""","""pharmacologic treatments""","""Mind_Over_Matter"""
"""gene""","""ENCODES""","""protein""","""Mind_Over_Matter"""
"""Huntington’s disease""","""HAS_CAUSE""","""genetic origin""","""Mind_Over_Matter"""
"""huntingtin""","""INSTANCE_OF""","""gene""","""Mind_Over_Matter"""
"""neurodegenerative disease""","""SUBCLASS_OF""","""rare disease""","""Mind_Over_Matter"""
"""hyperkinetic disorder""","""INSTANCE_OF""","""rare disease""","""Mind_Over_Matter"""
"""genetic""","""HAS_EFFECT""","""genotype""","""Mind_Over_Matter"""
"""genotype""","""HAS_CAUSE""","""genetic""","""Mind_Over_Matter"""
"""neuropsychiatric""","""SUBCLASS_OF""","""clinical""","""Mind_Over_Matter"""
"""pharmacologic""","""SUBCLASS_OF""","""treatment""","""Mind_Over_Matter"""
"""non-pharmacological""","""SUBCLASS_OF""","""treatment""","""Mind_Over_Matter"""
"""treatment""","""HAS_PART""","""pharmacologic""","""Mind_Over_Matter"""
"""treatment""","""HAS_PART""","""non-pharmacological""","""Mind_Over_Matter"""
"""prodromal HD""","""SUBCLASS_OF""","""Huntington’s disease""","""Mind_Over_Matter"""
"""non-pharmacological""","""DIFFERENT_FROM""","""pharmacologic""","""Mind_Over_Matter"""
"""pharmacologic""","""DIFFERENT_FROM""","""non-pharmacological""","""Mind_Over_Matter"""
"""Neuropsychiatric symptoms in HD""","""FACET_OF""","""Huntington’s disease""","""Mind_Over_Matter"""
"""polyglutamine""","""INSTANCE_OF""","""protein""","""Mind_Over_Matter"""
"""conformational disease""","""HAS_CAUSE""","""protein misfolding""","""Mind_Over_Matter"""
"""conformational disease""","""HAS_EFFECT""","""aggregation""","""Mind_Over_Matter"""
"""protein misfolding""","""HAS_EFFECT""","""conformational disease""","""Mind_Over_Matter"""
"""aggregation""","""HAS_CAUSE""","""conformational disease""","""Mind_Over_Matter"""
"""Huntington’s disease""","""HAS_CAUSE""","""excitotoxic processes""","""Mind_Over_Matter"""
"""excitotoxic processes""","""HAS_EFFECT""","""Huntington’s disease""","""Mind_Over_Matter"""
"""Huntington’s disease""","""SUBCLASS_OF""","""selective neuronal death""","""Mind_Over_Matter"""
"""energy metabolism""","""STUDIED_BY""","""HD etiology""","""Mind_Over_Matter"""
"""HD etiology""","""STUDIES""","""energy metabolism""","""Mind_Over_Matter"""
"""Therapeutic decision-making in Huntington’s disease""","""FACET_OF""","""Huntington’s disease""","""Mind_Over_Matter"""
"""Tetrabenazine""","""MEDICAL_CONDITION_TREATED""","""Huntington’s disease""","""Mind_Over_Matter"""
"""Huntington’s disease""","""DRUG_USED_FOR_TREATMENT""","""Tetrabenazine""","""Mind_Over_Matter"""
"""neuroleptic""","""MEDICAL_CONDITION_TREATED""","""psychiatric disturbances""","""Mind_Over_Matter"""
"""psychiatric disturbances""","""DRUG_USED_FOR_TREATMENT""","""neuroleptic""","""Mind_Over_Matter"""
"""psychiatric disturbances""","""SUBCLASS_OF""","""mood disorders""","""Mind_Over_Matter"""
"""selective serotonin reuptake inhibitors""","""MEDICAL_CONDITION_TREATED""","""mood disorders""","""Mind_Over_Matter"""
"""mood stabilizers""","""MEDICAL_CONDITION_TREATED""","""mood disorders""","""Mind_Over_Matter"""
"""mood disorders""","""SUBCLASS_OF""","""psychiatric disturbances""","""Mind_Over_Matter"""
"""mood disorders""","""DRUG_USED_FOR_TREATMENT""","""selective serotonin reuptake inhibitors""","""Mind_Over_Matter"""
"""mood disorders""","""DRUG_USED_FOR_TREATMENT""","""mood stabilizers""","""Mind_Over_Matter"""
"""evidence for these treatments""","""PART_OF""","""limited""","""Mind_Over_Matter"""
"""cognitive dysfunction""","""HAS_CAUSE""","""Huntington’s disease""","""Mind_Over_Matter"""
"""Huntington’s disease""","""HAS_EFFECT""","""cognitive dysfunction""","""Mind_Over_Matter"""
"""HD management""","""FACET_OF""","""Huntington’s disease""","""Mind_Over_Matter"""
"""Alzheimer’s""","""SUBCLASS_OF""","""neurodegenerative disorder""","""Mind_Over_Matter"""
"""Parkinson’s disease""","""SUBCLASS_OF""","""neurodegenerative disorder""","""Mind_Over_Matter"""
"""pathogenic pathways""","""FACET_OF""","""Huntington’s disease""","""Mind_Over_Matter"""
"""symptomatic management""","""SUBCLASS_OF""","""treatment""","""Mind_Over_Matter"""
"""dopaminergic""","""INSTANCE_OF""","""neurotransmission""","""Mind_Over_Matter"""
"""anxiety""","""SUBCLASS_OF""","""Psychiatric symptoms""","""Mind_Over_Matter"""
"""evidence for HD treatment""","""FACET_OF""","""symptoms lack effective treatments""","""Mind_Over_Matter"""
"""anti-sense oligonucleotide""","""SUBCLASS_OF""","""Gene silencing""","""Mind_Over_Matter"""
"""Tetrabenazine""","""MEDICAL_CONDITION_TREATED""","""schizophrenia""","""Mind_Over_Matter"""
"""schizophrenia""","""DRUG_USED_FOR_TREATMENT""","""Tetrabenazine""","""Mind_Over_Matter"""
"""pharmacokinetics""","""PART_OF""","""chemistry""","""Mind_Over_Matter"""
"""dopamine-depleting compounds""","""MEDICAL_CONDITION_TREATED""","""chorea""","""Mind_Over_Matter"""
"""chorea""","""DRUG_USED_FOR_TREATMENT""","""dopamine-depleting compounds""","""Mind_Over_Matter"""
"""disease-modifying antirheumatic drug""","""OPPOSITE_OF""","""symptom management""","""Mind_Over_Matter"""
"""tauopathies""","""SUBCLASS_OF""","""monogenic disorders""","""Mind_Over_Matter"""
"""Huntington’s disease""","""SUBCLASS_OF""","""monogenic disorders""","""Mind_Over_Matter"""
"""Huntington’s disease""","""DRUG_USED_FOR_TREATMENT""","""antibody-based therapies""","""Mind_Over_Matter"""
"""intracellular""","""OPPOSITE_OF""","""extracellular""","""Mind_Over_Matter"""
"""extracellular""","""OPPOSITE_OF""","""intracellular""","""Mind_Over_Matter"""
"""antibody therapies""","""FACET_OF""","""Huntington’s disease""","""Mind_Over_Matter"""
"""symptomatic relief""","""SUBCLASS_OF""","""treatment""","""Mind_Over_Matter"""
"""Huntington’s disease""","""INSTANCE_OF""","""gene""","""Mind_Over_Matter"""
"""motor""","""HAS_EFFECT""","""behavioral symptoms""","""Mind_Over_Matter"""
"""behavioral symptoms""","""HAS_CAUSE""","""motor""","""Mind_Over_Matter"""
"""psychosis""","""SUBCLASS_OF""","""movement disorder""","""Mind_Over_Matter"""
"""Huntington’s disease""","""SUBCLASS_OF""","""neuroprotective""","""Mind_Over_Matter"""
"""Huntington’s disease""","""INSTANCE_OF""",null,null
"""Huntington’s disease""","""INSTANCE_OF""",null,null
"""Huntington’s disease""","""INSTANCE_OF""",null,null
"""Huntington’s disease""","""INSTANCE_OF""",null,null
"""chorea""","""INSTANCE_OF""",null,null
"""chorea""","""INSTANCE_OF""",null,null
"""chorea""","""INSTANCE_OF""",null,null
"""non-drug treatments""","""INSTANCE_OF""",null,null
"""antipsychotic medication""","""INSTANCE_OF""",null,null
"""antidepressant""","""INSTANCE_OF""",null,null
"""mutant huntingtin""","""INSTANCE_OF""",null,null
"""clinical trial""","""INSTANCE_OF""",null,null
"""neurodegenerative disease""","""INSTANCE_OF""",null,null
"""medications""","""INSTANCE_OF""",null,null
"""therapeutics""","""INSTANCE_OF""",null,null
"""therapeutics""","""INSTANCE_OF""",null,null
"""therapeutics""","""INSTANCE_OF""",null,null
"""glutamate""","""INSTANCE_OF""",null,null
"""3-aminobutyric acid""","""INSTANCE_OF""",null,null
"""Tetrabenazine""","""INSTANCE_OF""",null,null
"""olanzapine""","""INSTANCE_OF""",null,null
"""aripiprazole""","""INSTANCE_OF""",null,null
"""symptomatic therapies""","""INSTANCE_OF""",null,null
"""symptomatic therapies""","""INSTANCE_OF""",null,null
"""clinicians""","""INSTANCE_OF""",null,null
"""patients""","""INSTANCE_OF""",null,null
"""neuroleptic""","""INSTANCE_OF""",null,null
"""education""","""INSTANCE_OF""",null,null
"""education""","""INSTANCE_OF""",null,null
"""motor disturbances""","""INSTANCE_OF""",null,null
"""neurodegenerative disorder""","""INSTANCE_OF""",null,null
"""cognitive deficits""","""INSTANCE_OF""",null,null
"""clinical studies""","""INSTANCE_OF""",null,null
"""genetic factors""","""INSTANCE_OF""",null,null
"""complex symptoms""","""INSTANCE_OF""",null,null
"""nonpharmacologic""","""INSTANCE_OF""",null,null
"""pharmacologic""","""INSTANCE_OF""",null,null
"""mood disorders""","""INSTANCE_OF""",null,null
"""disease progression""","""INSTANCE_OF""",null,null
"""pharmacologic treatments""","""INSTANCE_OF""",null,null
"""genetic origin""","""INSTANCE_OF""",null,null
"""huntingtin""","""INSTANCE_OF""",null,null
"""hyperkinetic disorder""","""INSTANCE_OF""",null,null
"""rare disease""","""INSTANCE_OF""",null,null
"""rare disease""","""INSTANCE_OF""",null,null
"""neuropsychiatric""","""INSTANCE_OF""",null,null
"""neuropsychiatric""","""INSTANCE_OF""",null,null
"""neuropsychiatric""","""INSTANCE_OF""",null,null
"""treatment""","""INSTANCE_OF""",null,null
"""clinical""","""INSTANCE_OF""",null,null
"""polyglutamine""","""INSTANCE_OF""",null,null
"""conformational disease""","""INSTANCE_OF""",null,null
"""conformational disease""","""INSTANCE_OF""",null,null
"""protein misfolding""","""INSTANCE_OF""",null,null
"""aggregation""","""INSTANCE_OF""",null,null
"""aggregation""","""INSTANCE_OF""",null,null
"""energy metabolism""","""INSTANCE_OF""",null,null
"""selective neuronal death""","""INSTANCE_OF""",null,null
"""psychiatric disturbances""","""INSTANCE_OF""",null,null
"""selective serotonin reuptake inhibitors""","""INSTANCE_OF""",null,null
"""mood stabilizers""","""INSTANCE_OF""",null,null
"""mood stabilizers""","""INSTANCE_OF""",null,null
"""cognitive dysfunction""","""INSTANCE_OF""",null,null
"""cognitive dysfunction""","""INSTANCE_OF""",null,null
"""HD management""","""INSTANCE_OF""",null,null
"""limited""","""INSTANCE_OF""",null,null
"""Alzheimer’s""","""INSTANCE_OF""",null,null
"""Alzheimer’s""","""INSTANCE_OF""",null,null
"""Parkinson’s disease""","""INSTANCE_OF""",null,null
"""Parkinson’s disease""","""INSTANCE_OF""",null,null
"""Parkinson’s disease""","""INSTANCE_OF""",null,null
"""Parkinson’s disease""","""INSTANCE_OF""",null,null
"""pathogenic pathways""","""INSTANCE_OF""",null,null
"""symptomatic management""","""INSTANCE_OF""",null,null
"""anxiety""","""INSTANCE_OF""",null,null
"""anxiety""","""INSTANCE_OF""",null,null
"""anxiety""","""INSTANCE_OF""",null,null
"""Psychiatric symptoms""","""INSTANCE_OF""",null,null
"""Gene silencing""","""INSTANCE_OF""",null,null
"""pharmacokinetics""","""INSTANCE_OF""",null,null
"""chemistry""","""INSTANCE_OF""",null,null
"""chemistry""","""INSTANCE_OF""",null,null
"""chemistry""","""INSTANCE_OF""",null,null
"""chemistry""","""INSTANCE_OF""",null,null
"""chemistry""","""INSTANCE_OF""",null,null
"""tauopathies""","""INSTANCE_OF""",null,null
"""intracellular""","""INSTANCE_OF""",null,null
"""extracellular""","""INSTANCE_OF""",null,null
"""antibody therapies""","""INSTANCE_OF""",null,null
"""monogenic disorders""","""INSTANCE_OF""",null,null
"""antibody-based therapies""","""INSTANCE_OF""",null,null
"""antibody-based therapies""","""INSTANCE_OF""",null,null
"""symptomatic relief""","""INSTANCE_OF""",null,null
"""behavioral symptoms""","""INSTANCE_OF""",null,null
"""psychosis""","""INSTANCE_OF""",null,null
"""movement disorder""","""INSTANCE_OF""",null,null